Location Segment,Weather Conditions,Time of Day,Traffic Density,Vehicle Type,Driver Experience,Lane Count,Road Quality,Driver Age,Vehicle Weight,Traffic Flow,Speed Class
West,Rainy,Morning,Medium,Sedan,Intermediate,2.0,86.5794760877666,49,4347.290834949816,602.7055206888955,Moderate
East,Snowy,Night,Low,Sedan,Experienced,5.0,63.63120003667669,48,125.93579564484708,131.53332404712336,High
West,Snowy,Evening,Low,Truck,Experienced,3.0,59.05746747673402,26,295.0746554292842,248.7206722838357,Moderate
North,Foggy,Evening,High,Motorcycle,Novice,6.0,84.47633755157806,33,1812.0048473406387,1111.9367562812215,Moderate
East,Foggy,Afternoon,Medium,Motorcycle,Intermediate,3.0,72.29513531883742,29,184.54572737878647,533.3501544933997,High
East,Clear,Morning,High,SUV,Experienced,6.0,66.35165807816193,49,1476.700140752346,1190.6294473331657,Moderate
North,Snowy,Afternoon,Medium,SUV,Novice,5.0,52.0786429525196,42,192.6229427675023,520.339959440148,Moderate
West,Clear,Morning,Low,Motorcycle,Novice,5.0,90.7412556873256,28,1435.6384459628498,324.9664445204293,High
South,Foggy,Afternoon,High,Motorcycle,Experienced,4.0,96.84789115155314,59,188.5596273087475,1001.5711953869453,Moderate
West,Foggy,Night,Low,Sedan,Intermediate,5.0,99.22010903517761,38,3508.4627674973913,265.13283850702805,High
West,Rainy,Night,Medium,Sedan,Experienced,3.0,90.01782539111808,32,3974.530708200102,522.2797281655869,Moderate
West,Snowy,Morning,High,SUV,Intermediate,2.0,82.19997716195078,44,1873.082890823657,874.8578837396498,Low
East,Snowy,Evening,Medium,SUV,Experienced,2.0,74.44232901284602,49,3528.0086999189316,592.9517430267798,Moderate
North,Clear,Morning,Low,SUV,Novice,6.0,69.72381392850177,68,180.64212663676454,307.912954225758,High
West,Clear,Evening,Low,Sedan,Experienced,2.0,56.535518837009974,43,3033.512608984765,273.0883920968972,High
East,Rainy,Night,Low,Sedan,Novice,4.0,53.40861546927468,62,231.40609964682147,127.81202039154239,Moderate
North,Clear,Afternoon,High,SUV,Experienced,3.0,69.21633235798409,64,3831.207791814671,992.6222754029287,Moderate
North,Snowy,Morning,Medium,Truck,Novice,4.0,84.74755444512309,22,154.32663625487393,606.3164759442984,Moderate
South,Snowy,Evening,High,Sedan,Intermediate,4.0,70.55142349033524,44,4076.0454107278056,913.5788233220845,Low
South,Clear,Morning,Medium,Truck,Intermediate,4.0,79.00431039189056,63,3608.3974392725618,723.0562038336898,Moderate
South,Rainy,Night,Medium,Truck,Novice,3.0,71.27466672240377,21,1270.3223434081401,522.7353795017634,Low
South,Clear,Morning,Low,Sedan,Experienced,5.0,83.1835582681324,55,1743.639531411819,361.9991765698864,High
West,Rainy,Afternoon,Medium,SUV,Intermediate,5.0,75.37338668804182,45,110.33374433159221,498.9087618611344,Moderate
East,Clear,Morning,Low,Motorcycle,Novice,2.0,60.960699367902215,50,202.9866699826519,266.6642450118087,High
South,Clear,Morning,High,Sedan,Intermediate,4.0,84.61382822589263,39,2393.036107323507,22.12456568340187,Moderate
West,Snowy,Afternoon,High,Truck,Intermediate,3.0,79.81349392410266,49,1788.7155174984696,801.7277536418678,Low
North,Foggy,Afternoon,High,SUV,Experienced,2.0,94.81679092605599,65,4777.318160530797,825.6481654560575,Moderate
West,Snowy,Night,Medium,Sedan,Intermediate,6.0,73.0738732312367,62,143.04089594663856,416.11519332868784,Moderate
North,Clear,Morning,High,Truck,Experienced,6.0,98.15575557945868,34,1249.6404237742024,1221.3418934795438,Moderate
West,Snowy,Afternoon,Low,Truck,Intermediate,5.0,50.55156322143236,20,3835.3339916339896,134.745060564271,Moderate
West,Snowy,Afternoon,Medium,Motorcycle,Experienced,4.0,83.90080762795318,69,294.48399980802066,475.2338852332256,High
West,Rainy,Afternoon,Low,SUV,Intermediate,6.0,63.61536632596845,49,4901.545415462676,173.0181379683834,High
West,Clear,Evening,High,SUV,Novice,3.0,56.105495700501336,37,1363.1676236510693,1089.1545111246733,Low
North,Rainy,Morning,Low,Sedan,Experienced,2.0,60.007512212240506,47,4628.251371182324,180.0245792825004,Moderate
South,Snowy,Night,Medium,SUV,Intermediate,3.0,91.6067088978871,42,1520.5743311362055,486.2726010060404,Moderate
South,Clear,Afternoon,Medium,SUV,Experienced,6.0,68.04869484700134,45,4420.270863596132,653.0157151569891,High
South,Snowy,Night,Medium,SUV,Novice,2.0,50.28793302490608,41,1992.7017494163022,409.8815447661174,Moderate
South,Clear,Afternoon,High,Truck,Experienced,4.0,58.17619362925114,34,2310.4643200395503,982.6964201140175,Moderate
East,Snowy,Morning,Medium,Motorcycle,Experienced,2.0,56.758314457741136,64,2028.7562941004442,504.2484307774105,Moderate
East,Snowy,Evening,Low,SUV,Novice,3.0,59.534386033183324,32,2281.4054297013927,264.9761005292072,Moderate
South,Rainy,Morning,Low,Sedan,Experienced,3.0,82.7620990319511,29,1351.6881636535204,309.26749966347654,Moderate
South,Rainy,Night,High,Truck,Experienced,6.0,91.51099322834958,37,1705.3384478063688,937.4674090456913,Moderate
North,Rainy,Afternoon,Medium,Truck,Novice,3.0,84.8010309026896,39,158.00583872978117,502.93594306427457,Moderate
West,Rainy,Morning,High,Truck,Novice,5.0,72.97233842029934,64,2020.3780805461543,958.4283805624083,Low
West,Snowy,Morning,High,Sedan,Novice,2.0,58.82640160027542,23,1554.67818195511,877.4833920360437,Low
South,Clear,Afternoon,High,Sedan,Novice,4.0,50.89369673667069,64,2049.984811510352,971.8468245007059,Moderate
West,Rainy,Morning,Medium,Truck,Novice,4.0,57.11246843435981,51,4377.525081622731,525.6000353253334,Low
West,Clear,Afternoon,Medium,Sedan,Experienced,5.0,62.435713629381496,27,248.45063743981743,604.1317142263629,High
West,Foggy,Morning,High,Truck,Intermediate,2.0,68.42631718618806,41,1549.755634082558,913.5491060768037,Low
South,Rainy,Afternoon,High,Sedan,Experienced,3.0,89.77249803948646,46,1539.4689329045978,841.4563961754449,Moderate
South,Clear,Night,Medium,Motorcycle,Experienced,3.0,85.79124823410443,53,3026.735366518791,634.6962998601405,High
East,Rainy,Evening,Medium,SUV,Intermediate,4.0,65.23395695490204,70,3804.8125185986237,541.9174806387738,Moderate
West,Clear,Afternoon,Medium,Truck,Novice,4.0,70.0965456804621,25,145.73535592072176,622.0092879058665,Moderate
West,Clear,Afternoon,Low,Motorcycle,Intermediate,3.0,62.36155372015885,41,1789.024405512685,230.11498505829513,High
South,Rainy,Evening,Medium,Sedan,Experienced,2.0,66.75986208229504,24,224.1320959649168,510.52668501414445,Moderate
East,Foggy,Night,Low,SUV,Intermediate,4.0,67.31729971829806,66,1475.0798547415548,164.06920877175418,High
North,Foggy,Afternoon,Medium,Truck,Experienced,3.0,52.854342804465745,28,115.39433387617481,456.6754076171911,Moderate
East,Foggy,Morning,Low,SUV,Intermediate,5.0,96.71835073845074,40,3712.3712942351885,304.99251740024215,High
North,Foggy,Night,High,SUV,Novice,2.0,78.39726152763147,43,1805.4891135403418,868.6411527095584,Moderate
North,Rainy,Morning,Medium,SUV,Experienced,2.0,99.70696806105838,59,1480.9981115602882,582.8765914078019,Moderate
South,Foggy,Afternoon,High,Motorcycle,Experienced,6.0,80.38683974394296,55,1657.865018160785,957.7530739098372,Moderate
West,Rainy,Night,High,Truck,Intermediate,4.0,53.353823869421376,55,3623.798160008561,755.4529987827982,Low
South,Rainy,Night,High,Truck,Novice,3.0,53.60992044895879,28,4357.956986076084,777.8426435517127,Low
North,Clear,Afternoon,Medium,Sedan,Experienced,5.0,82.93916833553587,64,3281.605897785352,662.1893500772984,High
South,Rainy,Afternoon,Low,Motorcycle,Intermediate,4.0,58.35209539504749,23,1295.207324213811,169.60547244500148,High
North,Snowy,Evening,High,Truck,Novice,5.0,69.42790506351729,67,3905.8221405352215,962.8145028110921,Low
East,Snowy,Evening,Medium,SUV,Novice,2.0,60.78375761988586,38,161.79119801363055,545.2426550484689,Low
South,Foggy,Evening,High,SUV,Novice,5.0,95.96959866072086,60,242.02652811290747,1094.2002773313927,Low
South,Snowy,Morning,Medium,Sedan,Intermediate,2.0,57.76201229653562,59,1405.069442842057,513.1684372512816,Moderate
East,Rainy,Afternoon,Medium,Motorcycle,Intermediate,5.0,51.532625110290304,57,240.4292192363659,451.44850773598677,Moderate
North,Foggy,Morning,High,Truck,Experienced,5.0,79.15207804848461,51,2375.774356068938,1029.332813550323,Moderate
West,Rainy,Night,High,Motorcycle,Intermediate,2.0,53.928924857751035,46,3819.3421067519853,712.770506574315,Moderate
East,Clear,Night,High,Sedan,Novice,2.0,88.67365628433004,53,4662.73541244394,972.9012681013797,Moderate
North,Foggy,Evening,Medium,SUV,Experienced,6.0,84.05589269824914,47,2366.3165482041736,775.7607246164043,Moderate
West,Rainy,Night,Low,Motorcycle,Intermediate,2.0,99.55843130684883,68,2387.7617589961533,191.66440477642996,High
North,Clear,Night,High,Truck,Intermediate,5.0,73.37007556249348,48,216.3244585978387,1087.307848327684,Moderate
South,Foggy,Evening,Low,Sedan,Experienced,4.0,97.23071097370116,22,1479.4954519338748,376.77153152238947,High
South,Snowy,Night,Low,Truck,Novice,3.0,70.9462724752274,28,2212.112065491924,214.8391891868572,Moderate
West,Rainy,Morning,High,Sedan,Novice,2.0,66.25950321123474,35,101.67273637537141,852.8485774919952,Low
West,Clear,Night,Low,Sedan,Novice,5.0,96.38761415976064,25,3664.382066231209,259.59250925927864,High
North,Rainy,Evening,Medium,Motorcycle,Experienced,6.0,83.37966927817924,60,2215.2107533276276,648.273065040854,Moderate
North,Rainy,Evening,Low,Sedan,Novice,3.0,76.219513466379,30,4981.092065540267,305.77139278441064,Moderate
East,Foggy,Afternoon,High,Motorcycle,Experienced,4.0,61.680387552495496,68,2442.898502501786,834.2019439223138,Moderate
East,Rainy,Morning,Medium,Truck,Intermediate,3.0,72.03813734691141,29,2273.774909200177,556.3379344127317,Low
West,Rainy,Afternoon,Low,Motorcycle,Novice,3.0,79.64699674208515,43,1940.392175751088,165.88399281172724,Moderate
South,Snowy,Night,Medium,Truck,Intermediate,2.0,87.13532605999904,30,1617.976362730434,461.06356587833625,Moderate
South,Foggy,Afternoon,Low,Motorcycle,Novice,5.0,52.083645030119214,56,138.22641768977937,118.76844503679949,High
North,Rainy,Night,Medium,Motorcycle,Novice,4.0,90.64928693580467,43,276.91665858423755,530.2779883201498,Moderate
South,Rainy,Night,Medium,SUV,Experienced,4.0,81.65756877970111,46,1475.750434328174,497.9821909337279,High
North,Foggy,Evening,Medium,Truck,Novice,6.0,90.4758037362439,33,2027.7065938161218,679.9761714137569,Moderate
West,Foggy,Morning,Low,Truck,Novice,2.0,88.05139512510141,69,3625.72632171026,277.19970553361816,Moderate
South,Foggy,Evening,High,Truck,Novice,5.0,51.6263089745626,27,4446.8956357000025,1012.8866280904009,Low
North,Rainy,Morning,Low,Motorcycle,Experienced,5.0,54.08149910152948,32,1633.1575365094077,228.77756095688457,High
West,Snowy,Morning,Medium,Sedan,Experienced,2.0,85.27875862578442,56,207.7626018079238,583.179652389364,Moderate
South,Clear,Morning,High,Truck,Experienced,5.0,74.83834294295846,68,4142.5209398741945,1182.7757478259734,Moderate
West,Snowy,Afternoon,Medium,Motorcycle,Experienced,3.0,60.655235201254165,59,2237.6433386713097,421.0744330058444,Low
East,Clear,Morning,High,SUV,Experienced,3.0,67.6710689651359,31,103.16463439936416,1107.1459593223258,Moderate
East,Foggy,Morning,Low,Truck,Experienced,5.0,89.99580426865947,54,195.6519768390447,6.886415075857055,Moderate
East,Rainy,Afternoon,Low,SUV,Intermediate,3.0,53.285431971417616,51,260.88744153590096,112.98227521177209,Moderate
South,Rainy,Evening,High,Sedan,Intermediate,3.0,78.1148407938955,64,4507.468140856009,899.2978954825641,Low
East,Snowy,Evening,Low,Motorcycle,Experienced,3.0,97.77618479774674,20,143.24540182555594,287.21705503491364,High
South,Snowy,Night,Medium,Truck,Experienced,3.0,82.92259173292128,34,2310.2867431590716,505.03870935474276,Low
North,Snowy,Afternoon,Medium,Truck,Experienced,2.0,76.35207319558258,55,4563.011295484364,465.7805513187627,Moderate
East,Rainy,Morning,Low,Truck,Novice,2.0,96.95338492564481,39,4920.335569457491,260.0068020827577,Moderate
North,Snowy,Morning,Medium,Sedan,Intermediate,2.0,75.77980142896251,38,106.22981855867822,566.292558063266,Moderate
South,Clear,Night,Medium,Truck,Experienced,6.0,98.49560230536352,45,233.35438195677943,739.1998629279541,High
East,Clear,Night,Low,Truck,Novice,6.0,93.35157480612243,40,4545.973442611174,203.4964761734624,High
East,Clear,Afternoon,High,Truck,Experienced,2.0,90.07685559414948,46,231.63196485951468,978.1979919358224,Moderate
North,Rainy,Evening,Low,Motorcycle,Experienced,2.0,64.43468683853499,46,1612.8266663016084,267.4237801232206,High
East,Snowy,Night,Medium,Sedan,Novice,2.0,72.99002118846602,54,4939.447265595954,450.6519168863992,Moderate
South,Rainy,Night,High,Motorcycle,Novice,6.0,98.79326279095656,46,2178.958727110088,913.7223462743339,Moderate
West,Foggy,Evening,Low,Truck,Novice,4.0,86.5325255119623,31,2185.8119733414605,315.85882759574537,Moderate
South,Snowy,Night,Low,Truck,Intermediate,4.0,95.08809960677118,65,1385.0809688936904,185.90159588045438,Low
East,Clear,Morning,Medium,SUV,Novice,2.0,76.64788932756676,32,1604.6397910883888,631.1616401797386,Moderate
East,Clear,Night,Low,SUV,Intermediate,2.0,50.98552688771821,68,122.58632853720226,153.39439591638796,Moderate
South,Foggy,Morning,Medium,Truck,Experienced,5.0,99.19888239799141,23,2114.3593215076626,763.0636675521719,Moderate
South,Foggy,Evening,High,Sedan,Intermediate,3.0,66.71219454084805,30,2057.413555563577,997.0070796439969,Low
North,Clear,Night,Low,Motorcycle,Experienced,4.0,89.34516931276475,43,1594.8329903167323,242.95167299044587,Very High
West,Foggy,Afternoon,Medium,Truck,Intermediate,4.0,77.76817754688156,44,1327.1365982640655,528.4910202582572,Moderate
South,Snowy,Morning,Low,SUV,Intermediate,5.0,97.13658870675629,29,4807.515143550285,333.36024855754425,Moderate
East,Snowy,Morning,Low,SUV,Experienced,3.0,80.31264688754888,49,2242.5667056075026,294.88242398180125,Moderate
East,Rainy,Evening,High,SUV,Intermediate,3.0,57.55289458904501,70,2475.5107586181302,823.0198044618544,Low
South,Clear,Evening,Medium,Sedan,Novice,4.0,88.2441630771064,53,4474.852171541354,740.9517828886345,Moderate
West,Rainy,Afternoon,Medium,Motorcycle,Novice,3.0,88.35941444655634,34,1426.191325155768,496.884635096817,Moderate
West,Snowy,Afternoon,Medium,SUV,Novice,5.0,56.02834428886394,50,3483.9542606340906,500.35811416931136,Moderate
West,Rainy,Morning,Low,SUV,Intermediate,5.0,93.67116190408302,31,1577.0558739687522,330.0564523602705,Moderate
North,Foggy,Afternoon,Medium,Motorcycle,Intermediate,2.0,79.64754257174637,49,3440.2226518095063,551.2939216471995,High
North,Clear,Night,Medium,SUV,Intermediate,5.0,88.82984263958708,47,1871.3251706110557,707.5046668978941,High
North,Clear,Night,Medium,Sedan,Novice,6.0,74.84817414529151,58,3300.944542011995,678.6226163984677,High
East,Clear,Afternoon,High,Sedan,Intermediate,4.0,63.70803332799029,43,175.30605755785967,916.0763704786857,Moderate
West,Rainy,Afternoon,High,Truck,Novice,6.0,91.44416829413046,39,128.064903638703,890.9026782298743,Low
East,Foggy,Evening,High,Truck,Novice,4.0,87.7635210248404,21,269.62184700312605,1047.0044360392033,Low
North,Clear,Evening,Medium,Motorcycle,Novice,2.0,99.20417345996475,58,119.07985546264213,757.4894259921712,Moderate
North,Snowy,Morning,Low,Sedan,Novice,3.0,86.87168843607428,56,2348.3085880692333,327.4113912498675,Moderate
East,Rainy,Evening,Medium,Truck,Novice,6.0,66.84478958855534,24,1813.390276506101,661.7072844295967,Moderate
North,Foggy,Afternoon,Low,Sedan,Novice,2.0,87.49802351995889,31,3896.6381107388443,216.5209432981864,Moderate
West,Snowy,Afternoon,High,Motorcycle,Experienced,3.0,64.72328797709588,40,4166.533035626091,804.4546720993122,Moderate
South,Rainy,Morning,High,SUV,Experienced,4.0,99.38340039983234,33,3519.8099584856654,938.3520154693133,Moderate
South,Clear,Morning,Medium,Sedan,Experienced,4.0,50.23160115023014,49,107.89190657817986,639.1950546590427,High
West,Snowy,Evening,High,Motorcycle,Intermediate,6.0,93.08928105067587,28,1203.3994887177403,991.2167729927897,Low
North,Foggy,Morning,High,SUV,Experienced,3.0,50.654722829416684,68,1417.3608522591546,955.4943795432572,Low
East,Clear,Night,Low,Motorcycle,Novice,2.0,81.29456882185045,68,258.5190232576766,191.84180630647566,High
West,Rainy,Morning,Low,Truck,Experienced,4.0,94.90152744749935,59,113.40330755024199,228.24821300365022,Moderate
East,Snowy,Afternoon,Low,Motorcycle,Intermediate,6.0,83.9823641346535,70,1344.2393477361043,231.0278251397476,High
East,Snowy,Evening,High,Sedan,Novice,5.0,88.24049004514977,59,123.31661491113934,951.2548655397126,Low
North,Foggy,Afternoon,Medium,Sedan,Novice,5.0,57.601242656432404,62,4122.511356149848,527.9942462073408,Moderate
North,Clear,Evening,Medium,SUV,Intermediate,5.0,53.380628179610746,58,1621.4930049530813,717.9890110184601,Moderate
East,Snowy,Night,Medium,Sedan,Novice,4.0,76.97456461876686,68,3352.190942661189,528.6752441359267,Moderate
North,Foggy,Afternoon,Low,Motorcycle,Novice,3.0,77.88917086850125,38,4252.64470331239,228.3620121609377,High
East,Rainy,Evening,High,Motorcycle,Novice,3.0,93.87304313151901,49,100.29476441726229,975.927528282176,Low
North,Clear,Afternoon,Medium,Motorcycle,Novice,4.0,83.67162166624587,33,4801.921791380935,666.2135984104888,High
West,Rainy,Evening,Medium,Truck,Experienced,2.0,70.93852624460365,51,286.161459463298,567.8538982773871,Moderate
West,Rainy,Evening,Low,Motorcycle,Experienced,3.0,97.76673432519641,49,2377.1300623231846,280.3476419098631,High
South,Clear,Morning,High,Truck,Intermediate,5.0,81.92629738320429,40,3542.1925075281315,1218.0001472435054,Moderate
West,Clear,Morning,Medium,Sedan,Experienced,6.0,59.73112559103825,47,1822.8613425491471,754.0016975156923,High
North,Clear,Afternoon,Medium,Motorcycle,Novice,6.0,53.21044685375671,38,170.97216614922957,629.6226915782078,High
South,Foggy,Afternoon,Low,SUV,Novice,6.0,58.69476246097437,65,230.93013737319092,213.5716910380976,High
North,Rainy,Evening,Low,Sedan,Intermediate,3.0,53.659796188422185,65,260.5621869649001,175.10697653332386,Moderate
East,Snowy,Morning,High,Motorcycle,Novice,3.0,51.827483392404744,51,4744.096676894015,803.4208829712121,Low
East,Clear,Evening,Medium,Truck,Intermediate,2.0,67.30498632688928,39,1637.8271438984534,702.8431794892456,Moderate
East,Rainy,Afternoon,Low,SUV,Intermediate,6.0,53.67483736650063,66,253.30300990651693,125.18596559569995,Moderate
East,Rainy,Night,Low,Sedan,Intermediate,6.0,63.740301777406806,46,196.6361726627337,131.57265476274983,Low
South,Clear,Afternoon,Medium,Motorcycle,Experienced,3.0,58.857489472369295,38,165.3278498851822,560.7032572091869,High
South,Foggy,Morning,Low,Truck,Novice,3.0,84.63129761130823,65,4602.695983747617,322.57054599326136,Moderate
North,Foggy,Night,High,Truck,Intermediate,6.0,75.7839713848249,34,3184.721056222757,991.3864244079447,Moderate
South,Rainy,Evening,Low,SUV,Experienced,3.0,99.97068628853333,36,1582.993343875096,297.52452430882096,High
North,Snowy,Night,Low,SUV,Intermediate,5.0,61.53349058588793,45,4089.011538098456,105.8375321360283,High
North,Rainy,Evening,Low,Motorcycle,Novice,4.0,68.32307674356989,35,4198.604232278875,235.08949601119835,Moderate
West,Snowy,Night,Low,Truck,Experienced,3.0,90.79165624953089,44,2182.6903643897376,182.92605898443875,Moderate
South,Clear,Evening,High,Motorcycle,Novice,2.0,69.81210094513294,63,4031.3188117129066,1017.2424291232492,Moderate
West,Rainy,Afternoon,Medium,Motorcycle,Novice,5.0,94.04353795994642,61,1914.1247358521136,595.1123668283042,Moderate
West,Snowy,Afternoon,High,Sedan,Experienced,6.0,55.246508920908745,67,2351.170918726633,751.2667021803821,Moderate
North,Rainy,Night,High,Truck,Intermediate,2.0,90.87217808692205,41,1750.0750144214012,781.922481271984,Low
West,Snowy,Afternoon,Medium,Truck,Intermediate,3.0,94.75588703532682,70,4956.709574113713,565.7800729004928,Moderate
West,Snowy,Morning,High,SUV,Intermediate,2.0,77.98243417434571,31,2150.0560827901077,855.0472781638538,Low
East,Clear,Afternoon,High,Truck,Intermediate,6.0,51.462364151727954,63,176.87100770482698,964.3807323426875,Moderate
South,Rainy,Afternoon,High,SUV,Intermediate,2.0,93.73508363420997,25,3464.079657802212,774.3324839544057,Low
East,Snowy,Night,Low,SUV,Experienced,3.0,67.53559077258551,46,1205.4230814475752,201.46741802780127,High
North,Rainy,Evening,High,Motorcycle,Intermediate,5.0,54.282912479821526,68,1532.602484604207,877.396877617598,Low
West,Clear,Morning,High,Truck,Intermediate,4.0,70.20701608255165,33,2254.656250795213,1141.0227311280635,Moderate
South,Foggy,Night,Medium,Sedan,Intermediate,6.0,69.8461638100798,69,2086.1440828603922,597.6852662425291,Moderate
East,Clear,Night,Low,Motorcycle,Novice,4.0,98.85870921106587,28,1896.904845330576,241.06414158428126,High
South,Clear,Afternoon,High,Motorcycle,Intermediate,3.0,62.99017905320799,44,4730.591517817825,979.7056286487544,Moderate
South,Clear,Night,Medium,SUV,Experienced,6.0,93.58917832961009,57,2172.32235530526,711.9387850762272,High
North,Snowy,Afternoon,Low,SUV,Intermediate,6.0,92.10166471882107,66,2267.5075346905696,163.13026675232942,High
East,Snowy,Night,Low,SUV,Intermediate,3.0,76.28450911513428,42,4332.770827156413,25.644130125478686,Moderate
South,Rainy,Morning,High,SUV,Intermediate,4.0,91.85066641818361,39,2034.9273179888899,937.2961285459287,Low
North,Snowy,Morning,Low,SUV,Novice,6.0,56.44349337367226,56,3022.8359669081474,237.09997561410373,Moderate
South,Rainy,Afternoon,Low,Truck,Experienced,4.0,68.38796754386448,56,1387.0812821734612,159.8683681268488,Moderate
North,Clear,Afternoon,Low,SUV,Experienced,4.0,74.17728233599624,63,2153.8561322729047,183.03894834924552,High
North,Clear,Morning,High,Sedan,Experienced,6.0,70.80769990898807,66,4024.6006937741613,1166.342585658629,Moderate
East,Snowy,Afternoon,Medium,Sedan,Novice,2.0,84.50024454103328,52,1266.9557999743486,466.34207417490666,Moderate
West,Rainy,Evening,Low,Sedan,Experienced,2.0,93.44524922393592,47,4698.358011003408,263.27251119407015,Moderate
East,Rainy,Morning,Low,SUV,Novice,5.0,54.579103666331704,56,1347.9621809868147,245.6559187901452,Moderate
West,Clear,Morning,Low,SUV,Novice,3.0,74.47124818215703,23,227.19094143274572,282.5202706813078,High
West,Rainy,Evening,High,Motorcycle,Intermediate,6.0,74.43215952023328,41,2183.4492860683235,968.6165223569132,Moderate
West,Rainy,Night,Low,SUV,Novice,2.0,68.6344258506157,61,3440.9768693782125,126.46472585317368,Moderate
South,Rainy,Night,Medium,Truck,Intermediate,5.0,90.32805739307248,23,4451.254400548832,547.0887920081487,Moderate
West,Snowy,Morning,Medium,Truck,Intermediate,4.0,93.41356402566294,55,1344.9003767957001,658.4220872437216,Low
West,Foggy,Evening,High,SUV,Experienced,5.0,51.26931778301724,41,1996.2341225540647,1043.3795418542786,Moderate
South,Clear,Night,Low,Motorcycle,Experienced,5.0,95.99278082063802,57,2305.500264819134,219.84105332345084,Very High
North,Snowy,Evening,Medium,Truck,Novice,6.0,85.96008891361319,39,3490.704628332422,674.5821601682021,Moderate
East,Snowy,Morning,Medium,Motorcycle,Intermediate,3.0,68.662589581467,54,1565.8184550915696,515.8441817136134,Moderate
North,Clear,Morning,High,SUV,Novice,6.0,86.26288302075682,41,3138.0918126291995,1196.217559158722,Moderate
South,Clear,Evening,High,Motorcycle,Intermediate,3.0,83.24558622436089,44,211.29124116509126,1134.7652380203272,Moderate
East,Snowy,Afternoon,Medium,Truck,Intermediate,6.0,58.48789525437704,58,2183.622649664968,461.2061414747365,Moderate
East,Clear,Morning,Medium,Motorcycle,Experienced,3.0,80.1576054733194,65,1234.85517124821,712.3953257980992,High
East,Rainy,Evening,High,Truck,Intermediate,6.0,52.90818977527379,64,1344.0424442925398,926.6185856493466,Low
East,Foggy,Morning,High,Truck,Intermediate,2.0,56.63578770215302,62,1911.6445837789508,903.8855898393249,Low
East,Snowy,Evening,Low,Truck,Intermediate,2.0,73.26028061418592,27,285.6767011272615,283.88653933948,Moderate
East,Snowy,Afternoon,Low,Motorcycle,Intermediate,5.0,72.66444173740138,53,2470.213613326667,158.72805165597788,High
North,Snowy,Morning,Medium,SUV,Novice,6.0,95.71494032802495,63,1263.2189533505139,670.6576231179176,Moderate
North,Clear,Afternoon,High,SUV,Novice,4.0,56.069246971121444,22,2376.486558628273,1000.0672002468405,Moderate
East,Clear,Afternoon,Medium,Sedan,Intermediate,5.0,97.881264225269,31,147.4957113504515,744.0683948842038,High
East,Rainy,Night,High,Motorcycle,Novice,2.0,80.8923620100607,28,3044.8517783241105,799.9294262843695,Low
North,Foggy,Evening,Low,SUV,Experienced,3.0,70.42266065353493,50,4613.387039389479,201.80116977697026,High
West,Rainy,Evening,Medium,Sedan,Intermediate,4.0,69.69322028270793,33,3010.6923217087287,555.9167123971125,Moderate
North,Clear,Afternoon,Medium,Truck,Novice,4.0,80.79315940911523,66,1776.0813626432682,687.610178943071,Moderate
West,Rainy,Evening,High,Sedan,Intermediate,4.0,75.3070931420122,50,1950.2871212243488,944.7156764384902,Low
South,Foggy,Morning,Low,SUV,Experienced,2.0,69.00978093929285,28,223.26289844657927,233.77607645471545,Moderate
North,Rainy,Night,High,Motorcycle,Experienced,5.0,98.45513150704056,43,1445.647243090211,916.4004654302935,Moderate
West,Clear,Evening,High,Truck,Novice,2.0,65.56538495780018,70,131.11428737386046,1069.2401420844226,Low
West,Clear,Evening,Medium,SUV,Novice,5.0,89.25082719185284,69,2274.206649859806,758.4978335882525,Moderate
North,Snowy,Night,High,Truck,Experienced,5.0,70.73120618635119,60,4912.094287223867,894.0293683387122,Low
East,Clear,Evening,High,Sedan,Intermediate,2.0,69.93315138861566,60,3030.3537645736537,1123.6029896721018,Moderate
North,Rainy,Morning,High,SUV,Novice,4.0,84.8325411938446,64,1252.9210222739225,1000.6271318283464,Low
East,Clear,Night,Medium,Sedan,Novice,2.0,62.884144425560685,69,1322.200282663611,537.5504464285389,Low
East,Clear,Night,Medium,Truck,Novice,3.0,89.8713010803464,25,1273.2182965931092,49.688655138396584,Moderate
North,Rainy,Morning,Low,SUV,Experienced,5.0,98.291108057661,56,1259.2423241295994,308.6391993979702,Low
South,Clear,Morning,Low,Motorcycle,Experienced,4.0,61.422737066564935,53,3487.4589650486837,292.56656741432585,High
North,Snowy,Afternoon,Medium,Motorcycle,Experienced,3.0,91.23404829625746,40,2346.5122972406307,492.52856366745306,High
North,Foggy,Afternoon,Low,Motorcycle,Novice,6.0,57.50845004085208,61,1892.6832294475182,167.21299589376605,High
West,Clear,Evening,Low,Sedan,Novice,5.0,99.33312966335733,59,1973.8685261202452,362.21761418434613,High
South,Clear,Afternoon,High,Truck,Experienced,6.0,59.04884763547449,30,2072.5834572852127,1108.904109273359,Moderate
North,Rainy,Afternoon,Medium,Truck,Novice,2.0,72.61089704449036,47,1676.5263975296432,454.2945345380197,Moderate
East,Foggy,Night,High,Truck,Novice,5.0,67.34766009481139,51,1891.456640676424,936.2980666097462,Moderate
South,Clear,Morning,Low,SUV,Experienced,2.0,92.22746992675351,41,3087.79988528601,319.8350098975721,High
East,Clear,Evening,Low,SUV,Experienced,6.0,77.39797444868465,57,108.3830433432515,309.19396467619595,High
West,Foggy,Night,High,Motorcycle,Intermediate,5.0,62.32010166195534,66,4758.510229692769,927.4301860174894,Low
South,Snowy,Morning,High,Truck,Experienced,6.0,62.98768918801631,44,2075.2366407195454,942.339596345771,Low
North,Rainy,Afternoon,High,Motorcycle,Experienced,6.0,96.12496905886479,70,4922.270970815186,883.1656309584737,Moderate
North,Snowy,Evening,High,Sedan,Intermediate,5.0,59.25664644193098,40,1518.4424131721016,890.3236238771814,Low
East,Snowy,Night,Low,Truck,Experienced,5.0,54.00574231923376,31,4657.742552505917,113.5966632055461,Moderate
West,Clear,Morning,Low,Motorcycle,Experienced,4.0,78.91934585032045,28,2354.816369246394,328.00849711492344,High
North,Foggy,Night,Medium,Motorcycle,Intermediate,2.0,94.18929424817128,55,265.3493536052494,544.5101856146016,High
West,Snowy,Night,Low,Sedan,Intermediate,4.0,94.63358555384875,41,2164.118924617526,209.72683552243907,High
East,Clear,Night,High,Truck,Novice,3.0,69.87971989813971,39,100.40370354964678,1010.9763810104076,Moderate
South,Foggy,Afternoon,High,Sedan,Intermediate,5.0,70.43670855490481,69,3975.2556193344217,925.9303062853141,Moderate
South,Clear,Night,Low,Motorcycle,Intermediate,2.0,61.55373982940357,70,1260.564719986513,135.78812704333245,High
North,Rainy,Night,Medium,Sedan,Intermediate,5.0,70.87903878924642,45,2469.4240653712695,498.25223241377824,Moderate
East,Snowy,Afternoon,High,Motorcycle,Novice,6.0,51.354799625174174,63,215.40813289238218,813.1133507734155,Moderate
East,Clear,Evening,High,Sedan,Intermediate,4.0,80.69667923800309,25,1637.0225126037876,1157.6843268546957,Moderate
South,Rainy,Morning,Medium,Motorcycle,Experienced,2.0,56.821987627836656,62,259.5464526696428,526.469654446623,Moderate
West,Snowy,Afternoon,Low,Motorcycle,Experienced,2.0,58.741931363020626,21,1413.0789886522875,119.53735395917951,High
East,Snowy,Morning,Medium,Truck,Experienced,5.0,52.28710169062564,53,296.4099074031925,530.2693882918247,Moderate
West,Snowy,Morning,Low,Motorcycle,Intermediate,2.0,56.47574606414021,47,144.858696657009,183.81175147860353,Moderate
West,Clear,Afternoon,Medium,Motorcycle,Experienced,4.0,82.17888475982625,64,2107.447420874802,589.5839014194727,High
North,Foggy,Afternoon,Low,Truck,Experienced,4.0,89.038079303422,55,2355.499458177161,153.47354215323875,High
North,Clear,Evening,High,Sedan,Experienced,6.0,99.18394626317068,63,297.8863531559263,1288.7603139929872,Moderate
South,Clear,Afternoon,High,SUV,Intermediate,3.0,57.62695214571307,54,168.07742085090115,952.4812361518784,Moderate
West,Rainy,Afternoon,Medium,Motorcycle,Novice,6.0,65.36449824631433,41,294.61535958245963,505.3146203402159,High
East,Clear,Evening,Medium,Truck,Novice,3.0,89.87795503185941,30,116.22983570724783,717.9475626027286,Moderate
East,Clear,Night,Low,Sedan,Experienced,3.0,69.85917648092274,40,1584.2856253055063,222.47251313408486,High
South,Snowy,Evening,Medium,Motorcycle,Experienced,5.0,88.41367069322591,28,1347.4844635836919,640.4031324329113,High
East,Foggy,Evening,High,Motorcycle,Novice,6.0,84.00703858801502,34,1620.7019169541559,1092.1416462483787,Moderate
West,Clear,Afternoon,High,Truck,Novice,3.0,99.60790074116564,21,2114.1451627962306,1132.9820675196302,Moderate
North,Clear,Evening,Medium,SUV,Experienced,4.0,86.21694085643705,60,1574.086698311578,726.9857205198759,High
West,Clear,Afternoon,Low,SUV,Intermediate,3.0,88.99226975755718,60,263.28215699300614,252.25792323705573,High
West,Rainy,Afternoon,Low,Motorcycle,Intermediate,2.0,97.59058927116195,33,252.17026618615634,194.85634954553424,High
North,Foggy,Night,High,SUV,Intermediate,6.0,55.34903194134792,52,1678.0088383148234,927.2085461005106,Moderate
South,Rainy,Night,High,Sedan,Experienced,2.0,54.39332495724167,22,1481.7153252263176,739.0858390644834,Low
North,Rainy,Night,Medium,Truck,Experienced,2.0,77.602359042599,21,2300.5271031954785,492.346771932311,Moderate
West,Foggy,Morning,Medium,Motorcycle,Experienced,4.0,51.29059534747435,20,3821.714183680993,543.3237126596813,High
West,Foggy,Night,Medium,Truck,Experienced,2.0,61.64797373768169,30,1771.7380775986965,542.7594500144704,Moderate
East,Foggy,Evening,Low,SUV,Intermediate,4.0,53.01760419952819,53,145.91963215079375,222.0455326556136,Moderate
North,Snowy,Night,Medium,Sedan,Intermediate,6.0,86.82221178123615,39,1700.1899771625513,533.5292746376767,Moderate
West,Foggy,Morning,Low,SUV,Novice,4.0,63.607256861498136,43,141.41898363531425,268.8387263334185,Moderate
South,Foggy,Evening,Medium,Sedan,Experienced,5.0,85.33886084427229,22,4780.819034438657,736.8575193729446,Moderate
West,Rainy,Night,Low,Truck,Experienced,2.0,82.94619709550757,40,122.19961975826297,146.9608270740678,Moderate
South,Snowy,Morning,Low,SUV,Novice,4.0,77.33487063570351,32,3437.4196006471666,279.7540135677801,Moderate
East,Clear,Night,High,SUV,Intermediate,2.0,62.90667163505638,52,244.54755044776093,896.9939914316933,Moderate
South,Rainy,Morning,High,Truck,Experienced,3.0,55.20548246920832,62,3526.4946930360225,894.0559412939145,Low
West,Clear,Night,Medium,Motorcycle,Novice,6.0,84.81443879390699,38,290.2859620723665,738.2163990624994,High
West,Snowy,Night,Medium,Truck,Novice,4.0,80.67056946053539,56,4126.649284066093,488.85683517960246,Moderate
East,Clear,Afternoon,High,Motorcycle,Experienced,5.0,92.45978257826596,36,4156.596798840721,1139.8624941611654,High
West,Rainy,Morning,Medium,SUV,Novice,3.0,50.91162913381808,27,1573.5783201591948,572.4153330726284,Low
North,Snowy,Morning,Medium,Truck,Novice,6.0,87.63583197788206,26,1768.2544002651116,657.4015221818055,Moderate
West,Foggy,Night,Low,Motorcycle,Experienced,3.0,81.31101608157077,44,1460.4125836252554,205.27354015323445,High
West,Rainy,Morning,High,Motorcycle,Novice,3.0,98.55291225826838,38,1853.3674525814952,900.1671606964627,Low
East,Clear,Night,Medium,Sedan,Intermediate,5.0,50.95961384115284,38,238.66703074694132,569.9815906179169,High
North,Rainy,Evening,Medium,Motorcycle,Experienced,3.0,88.46524468206698,20,2391.4036292427427,575.3540736080307,Moderate
North,Rainy,Evening,Low,SUV,Intermediate,6.0,56.41971447270626,61,2165.3671024349946,215.07542449797793,Moderate
North,Foggy,Night,Low,Sedan,Experienced,2.0,55.228392016720015,27,157.83748925918997,132.4286704439474,High
South,Foggy,Morning,Medium,Motorcycle,Novice,3.0,63.449670221754886,70,2217.9670391307036,594.0268019254223,Moderate
North,Foggy,Afternoon,Low,Sedan,Novice,5.0,93.5921763872616,45,177.4474542356192,221.1871306384399,High
South,Clear,Night,High,Sedan,Experienced,2.0,50.58102699540503,27,3987.0019843088166,975.0620100410605,Moderate
North,Rainy,Night,Low,SUV,Novice,2.0,81.19479181458192,51,4647.247221497947,122.4127358524249,Moderate
North,Clear,Night,High,Motorcycle,Experienced,6.0,70.98636584630611,26,216.7113934649637,1122.35572552804,High
North,Foggy,Morning,Medium,Truck,Intermediate,4.0,80.3357523191428,36,1532.2268912148068,611.5231710179664,Moderate
South,Rainy,Evening,High,Motorcycle,Novice,2.0,83.25183372731277,23,1951.0184754235179,866.6643800637123,Low
North,Foggy,Afternoon,High,Sedan,Novice,3.0,84.01141212156458,48,1457.3666000580865,884.058350021649,Moderate
East,Rainy,Morning,Medium,Motorcycle,Novice,2.0,93.21791249198185,47,1525.1940449338595,603.5419696024389,Moderate
East,Foggy,Night,Low,Sedan,Experienced,3.0,57.12477714507566,37,266.7286268287917,165.32935424513047,High
East,Snowy,Night,Low,SUV,Novice,3.0,82.72556071405677,57,191.60444233365175,192.90457454696443,Moderate
South,Foggy,Night,Medium,SUV,Novice,4.0,60.836990004538784,54,294.0470688829754,530.0303930446113,Moderate
East,Snowy,Afternoon,Low,Sedan,Intermediate,2.0,74.06720758176618,39,4876.964316428309,124.66126963382567,Moderate
North,Snowy,Morning,High,SUV,Novice,5.0,86.17100568442925,32,1289.7608697161716,1008.574864169486,Low
East,Foggy,Evening,Medium,Sedan,Novice,3.0,92.71925466847895,42,1645.848923778828,666.6579455676996,Moderate
West,Snowy,Afternoon,Medium,Motorcycle,Novice,6.0,65.31268103933058,67,3279.1977347196002,553.1376793847724,Moderate
East,Foggy,Afternoon,Low,Truck,Experienced,6.0,81.57801100462603,52,3902.58822605851,212.4157659233238,High
West,Snowy,Evening,Medium,Motorcycle,Experienced,5.0,61.8025231673232,47,3097.3153273234266,599.0998627464418,Moderate
North,Rainy,Afternoon,Medium,Sedan,Novice,3.0,59.10589578443496,44,4464.827729625337,460.6202792960203,Moderate
West,Snowy,Night,Medium,Truck,Experienced,6.0,75.74086769648451,63,299.43647078059007,505.30198346118664,Moderate
South,Clear,Evening,Medium,Motorcycle,Intermediate,4.0,67.06239138130782,52,1859.1957646680664,724.7419362744743,High
North,Rainy,Night,High,Truck,Novice,2.0,88.05119954714993,21,3168.6026292227007,803.8558835154694,Low
South,Foggy,Evening,Low,Truck,Novice,6.0,80.8325157260369,52,222.6583369774758,347.5401180260768,Moderate
South,Snowy,Evening,High,Sedan,Novice,4.0,97.2133244556717,68,2450.062200910418,994.5723804939814,Low
East,Foggy,Morning,Low,Motorcycle,Intermediate,2.0,92.52908645471209,37,2041.2228591132916,311.5178693881081,High
South,Foggy,Morning,Medium,SUV,Intermediate,4.0,74.29358795931628,38,111.0445041486057,654.8690635939695,Moderate
East,Rainy,Afternoon,Low,Truck,Experienced,4.0,62.483400442959294,26,4963.306647704896,99.31516273320203,Moderate
West,Rainy,Afternoon,High,Sedan,Experienced,5.0,57.80762986830952,49,181.42129782512552,759.7976263408601,Moderate
West,Rainy,Afternoon,Medium,Truck,Novice,3.0,60.32106358803016,35,2339.5464327847158,431.7142021639266,Low
West,Foggy,Night,Low,Motorcycle,Intermediate,2.0,88.97922367833766,69,227.20849375599366,199.82171427910527,High
South,Rainy,Night,Medium,SUV,Experienced,5.0,99.33150614794235,53,264.75347915982456,567.6258514337409,High
West,Foggy,Morning,Low,Motorcycle,Novice,6.0,93.13985387716143,33,2251.321674003773,416.8508051403846,High
South,Foggy,Morning,Low,Sedan,Novice,5.0,52.59856418257362,56,274.52716050936704,250.76511520208473,Moderate
West,Foggy,Evening,Low,SUV,Novice,4.0,74.0293288663324,37,226.4318998372915,309.70742071692376,Moderate
South,Snowy,Evening,Medium,Sedan,Experienced,4.0,85.12324852720519,25,3128.012693217242,639.5545981423559,Moderate
East,Rainy,Afternoon,Medium,SUV,Novice,6.0,76.68012733634393,54,272.59936627177444,550.1073625123092,Moderate
North,Clear,Night,Medium,Motorcycle,Experienced,6.0,62.894384271660115,56,1432.5892832733882,635.8114337669581,High
West,Foggy,Night,Medium,Sedan,Experienced,5.0,93.16668247859127,39,2208.2335629939685,617.2341756046566,High
East,Foggy,Afternoon,Medium,Sedan,Experienced,4.0,87.91192378520456,50,1523.4567316416053,602.3948359680651,High
South,Rainy,Evening,Medium,Sedan,Experienced,3.0,62.174114828814965,31,3791.9231774952095,532.2161285170846,Moderate
South,Rainy,Morning,Low,Motorcycle,Intermediate,5.0,98.25593482180227,65,2263.3782613557078,312.2474101097874,High
North,Foggy,Night,High,Motorcycle,Novice,5.0,96.60591412418063,62,3888.2554263315033,934.6380550812112,Moderate
South,Clear,Night,Low,SUV,Intermediate,4.0,61.19088074113115,40,1236.7985733859696,169.0375563371476,High
East,Foggy,Morning,Medium,SUV,Intermediate,6.0,51.282103290321785,63,113.30552164217104,635.6096281846972,Moderate
West,Clear,Night,Low,Motorcycle,Intermediate,3.0,86.3584534883154,63,1519.502439849589,259.6379941261649,High
East,Snowy,Morning,Low,Motorcycle,Novice,2.0,55.818319894273806,21,2253.261525390354,206.00235748918735,Moderate
North,Clear,Morning,High,Truck,Intermediate,3.0,82.9353887750438,52,2244.2474795411663,1096.9944130642043,Moderate
North,Rainy,Evening,High,Sedan,Experienced,2.0,51.980941267417855,66,173.68978398331578,838.9344545554688,Low
East,Rainy,Afternoon,High,Truck,Intermediate,5.0,87.91315979645113,29,2458.890713769296,864.64590096218,Low
North,Clear,Morning,Low,SUV,Intermediate,3.0,78.32023201484486,32,1821.9952750578911,280.8089738647225,High
South,Clear,Evening,Medium,Truck,Experienced,5.0,74.37155991247567,34,3540.786572769051,18.444126077794458,High
West,Clear,Afternoon,Medium,Sedan,Intermediate,6.0,53.36753007343859,58,1858.7436750750005,636.6414287018303,High
South,Snowy,Afternoon,Medium,Sedan,Novice,3.0,54.11905228079213,66,1847.833873391923,427.1585414568386,Moderate
South,Clear,Night,Medium,Motorcycle,Novice,3.0,99.3824781868029,63,3228.571539995959,609.6204496606174,High
East,Snowy,Morning,Low,Truck,Novice,5.0,77.47647679475085,45,4601.961400806729,353.09807985712087,Moderate
East,Snowy,Night,Medium,Sedan,Novice,4.0,82.63730539259373,49,1600.1126526085607,561.4425879081133,Moderate
North,Snowy,Morning,Medium,Sedan,Novice,2.0,94.33021076202334,58,1760.249653800882,643.5902088491727,Moderate
East,Clear,Afternoon,Medium,Sedan,Novice,4.0,52.57129067421252,33,295.2027646558427,608.0591870966182,Moderate
South,Clear,Night,Low,Truck,Intermediate,4.0,64.81540602279951,62,118.1443404469862,198.68701346722938,High
West,Snowy,Evening,Low,Truck,Intermediate,6.0,75.12830382317212,36,3687.915373115371,269.248777148744,Moderate
West,Snowy,Morning,Low,Truck,Experienced,5.0,77.9820165654109,36,1810.020694366942,18.026645892582387,Moderate
South,Foggy,Morning,Medium,Motorcycle,Experienced,2.0,58.35169730460376,39,1510.0190311357605,609.6678647176218,Moderate
North,Snowy,Morning,Medium,SUV,Novice,6.0,77.08171073304334,41,3178.579049051146,668.8790990223645,Moderate
North,Foggy,Evening,Medium,SUV,Novice,6.0,61.02431045350877,58,1377.4168044249625,695.402355077014,Moderate
West,Snowy,Night,Medium,Sedan,Novice,4.0,97.54317811252051,54,2249.142336179148,518.6626866062948,Moderate
South,Rainy,Afternoon,High,Truck,Novice,4.0,93.10638086327253,47,4219.262023313804,813.8646840619431,Low
West,Clear,Evening,Low,Truck,Experienced,5.0,63.7027610343603,56,1499.1424797034256,312.9693125922722,High
South,Snowy,Night,Medium,Motorcycle,Experienced,3.0,63.662976349910466,29,4297.0096402373765,492.0309661309306,High
South,Snowy,Night,Low,Truck,Intermediate,5.0,72.26526275013327,24,1793.5306523746501,201.45031974751333,Moderate
East,Clear,Afternoon,High,Truck,Experienced,4.0,91.74651183996495,22,3008.7265393006182,1044.335448925579,Moderate
East,Snowy,Night,Medium,Motorcycle,Novice,4.0,56.56224388411938,22,4634.5046227336425,408.07451201961624,Moderate
North,Foggy,Evening,Medium,Truck,Intermediate,4.0,54.139933396256325,40,108.6013903733879,589.5574008859447,Moderate
South,Clear,Evening,Low,Truck,Experienced,5.0,76.86978014689615,29,218.60290007211955,339.2388936718713,High
South,Snowy,Afternoon,Low,Truck,Experienced,3.0,72.58838393686145,64,139.28384317440347,133.06588703914198,Moderate
South,Clear,Evening,Medium,Sedan,Intermediate,3.0,90.95511588371,23,3047.1899292910584,734.7159366605782,High
West,Snowy,Night,High,SUV,Intermediate,2.0,55.12548639953396,36,2073.4774776901577,675.4206546489424,Low
West,Foggy,Night,High,SUV,Novice,5.0,89.1014043835193,52,2439.051703342283,1017.6024646577322,Moderate
East,Snowy,Evening,High,Motorcycle,Experienced,5.0,67.78363582324747,21,1427.4564292031616,922.8845101879232,Moderate
West,Rainy,Morning,Low,SUV,Intermediate,5.0,73.95909388148655,22,3103.978703955415,260.9165007623885,Moderate
East,Clear,Afternoon,Low,SUV,Intermediate,2.0,50.919533827373336,58,4887.964610726419,124.76462169457065,High
West,Snowy,Afternoon,High,Truck,Intermediate,5.0,73.80252010995498,28,3808.579494509738,876.2061354269727,Moderate
East,Rainy,Night,Medium,Motorcycle,Experienced,4.0,78.81441800834065,43,296.0217984827534,495.77608731004847,High
South,Rainy,Morning,Low,Truck,Intermediate,4.0,55.34384615473719,31,2139.1765965560076,237.62397804018974,Moderate
West,Foggy,Night,Low,Motorcycle,Intermediate,6.0,74.02534736289145,34,2401.8766847738934,186.14321587564982,High
East,Clear,Evening,Medium,Motorcycle,Intermediate,3.0,97.30577310668164,44,253.7845564215282,730.5054460498039,High
West,Snowy,Afternoon,Low,SUV,Intermediate,5.0,82.0413157345103,43,223.3888054769004,166.35950389646,High
South,Foggy,Afternoon,Low,Motorcycle,Novice,2.0,77.00059573022553,65,2499.690392275307,196.7359232719029,High
West,Clear,Evening,Medium,SUV,Novice,6.0,53.84766008146046,55,1876.2253197867274,708.5319790896705,Moderate
North,Rainy,Night,High,Sedan,Experienced,5.0,77.70890012578967,66,4000.8022914204025,858.5618797792911,Moderate
South,Foggy,Morning,Medium,SUV,Novice,5.0,71.40998074628074,45,4146.446388899183,668.3530688264526,Moderate
West,Foggy,Morning,High,Truck,Novice,2.0,51.85038173577463,31,4348.697958046938,887.0859601693984,Low
North,Foggy,Afternoon,High,SUV,Novice,3.0,59.02876725636668,23,2283.0675907664904,861.4541225750885,Moderate
South,Foggy,Morning,Low,Truck,Intermediate,6.0,61.95900521079628,53,1351.7148709500666,338.4357848743762,Moderate
East,Snowy,Afternoon,Medium,Sedan,Experienced,5.0,58.37412911295349,20,189.24024419550875,443.8569787173689,Moderate
North,Snowy,Night,Medium,Truck,Novice,5.0,81.67391099130737,62,1829.6042244558769,507.5805966382303,Moderate
West,Clear,Afternoon,Low,Motorcycle,Novice,3.0,81.83348410836037,69,164.86916153901115,240.73511021502432,High
South,Foggy,Afternoon,Low,SUV,Intermediate,3.0,79.3304231587737,68,1690.7137833930178,217.66505944506372,High
West,Rainy,Evening,Low,Sedan,Novice,5.0,88.54561018729109,35,1359.3496997751636,279.9666562927215,Moderate
East,Snowy,Afternoon,Low,Sedan,Intermediate,2.0,68.11969495583165,34,3406.4461821721743,196.5067577543523,Moderate
West,Clear,Night,Medium,SUV,Intermediate,5.0,61.363481363157575,30,3907.157999845668,610.8146041611961,High
West,Clear,Afternoon,High,Sedan,Novice,4.0,71.0712275296249,30,157.9940237887218,1026.9814413391307,Moderate
West,Clear,Afternoon,Low,Motorcycle,Intermediate,5.0,82.8368332270646,39,2044.961457670748,234.34546685878973,Very High
South,Rainy,Night,Low,SUV,Intermediate,5.0,60.49527965477929,46,1782.9198254343532,152.27507286618936,Moderate
North,Snowy,Evening,High,SUV,Intermediate,6.0,51.229345822940076,40,1788.221244565311,903.3473796659372,Low
East,Snowy,Afternoon,Low,Truck,Experienced,4.0,98.40967139573608,46,245.14518207282066,222.89477039912697,Moderate
West,Clear,Evening,High,Motorcycle,Novice,3.0,94.2103231674204,42,2307.504253409383,1086.2444917696566,Moderate
West,Foggy,Evening,High,SUV,Intermediate,2.0,84.01138896041766,61,1818.0387191350458,1016.5443597546547,Low
South,Rainy,Evening,Medium,Motorcycle,Experienced,2.0,90.14267242990057,24,1638.4908172270852,553.6062345140023,Moderate
East,Snowy,Morning,Low,Truck,Experienced,4.0,72.76100745409006,29,2363.563222946964,262.2778615682057,Moderate
East,Rainy,Afternoon,High,Truck,Experienced,5.0,82.51628431734684,54,223.26009718514482,855.0647896368214,Moderate
East,Foggy,Evening,Low,Motorcycle,Novice,3.0,89.48492535712396,22,3483.0736834033637,317.4308772905282,High
South,Foggy,Evening,High,SUV,Novice,5.0,76.5584764000516,54,1893.5554069873626,1086.0600496291765,Low
South,Rainy,Night,High,SUV,Experienced,2.0,61.87720654371637,31,237.07906868920114,785.4922335363877,Low
North,Clear,Night,Medium,Truck,Novice,3.0,65.16375737837978,22,1245.8639166236685,579.8633655349574,Moderate
South,Foggy,Morning,High,SUV,Intermediate,6.0,84.16293818297979,64,4035.192602631044,1056.173541362123,Moderate
South,Rainy,Night,Low,Truck,Novice,5.0,99.84371259229736,69,270.79239339108443,214.85714848701764,Moderate
West,Clear,Afternoon,Low,Sedan,Intermediate,5.0,77.06481676505352,23,1384.6774990084473,249.92464037413077,High
East,Rainy,Afternoon,Low,SUV,Novice,3.0,77.37961880768681,65,2356.1399435539433,174.71679104661024,Moderate
South,Foggy,Afternoon,Medium,SUV,Experienced,4.0,52.88902804981833,57,105.45000239016302,527.8933515209933,High
South,Clear,Evening,Medium,Truck,Intermediate,2.0,82.0985750221633,39,4141.754833678952,696.5503274268367,Moderate
West,Foggy,Night,Low,SUV,Intermediate,5.0,93.68385570931693,30,2160.2785319850072,160.73304969176394,High
South,Clear,Morning,Medium,Motorcycle,Experienced,2.0,66.21668765576878,65,1943.1138607249911,698.7536118878035,High
North,Foggy,Afternoon,Medium,Truck,Experienced,6.0,79.00861846136661,23,2217.743493973183,543.9946045589459,High
South,Foggy,Afternoon,Low,Sedan,Experienced,3.0,89.89068244293173,47,4727.282842593232,147.35914912413412,High
North,Snowy,Night,Low,SUV,Novice,3.0,54.83382248233598,58,1566.4624384110232,104.50295230133663,Moderate
West,Clear,Afternoon,Low,Truck,Intermediate,6.0,72.615914225915,20,3923.6869625502204,213.43912243078617,High
East,Snowy,Evening,Low,SUV,Novice,2.0,92.23916140584438,68,1864.837838135957,338.7065674095985,Moderate
North,Foggy,Morning,Medium,Motorcycle,Novice,2.0,93.49481810310641,26,3301.042983326827,629.2122960043481,Moderate
North,Foggy,Night,High,Sedan,Novice,5.0,85.90615381132471,51,1798.3427399421616,991.2966288102408,Moderate
East,Foggy,Night,Medium,SUV,Novice,6.0,74.9444076725678,61,188.5091029629491,573.9180113983292,Moderate
South,Rainy,Morning,Medium,Motorcycle,Novice,5.0,86.65565112076405,40,4641.197515353173,618.3594880349923,Moderate
North,Snowy,Morning,Low,Truck,Intermediate,4.0,70.46670031575215,65,1766.841755269848,219.30663215631947,Moderate
South,Rainy,Morning,Medium,Motorcycle,Novice,4.0,87.1754128145804,37,2106.3629297037423,38.212281042619004,Moderate
South,Clear,Morning,High,Motorcycle,Novice,6.0,61.098608096647474,51,114.46329505158772,1168.4468914520628,Moderate
West,Rainy,Afternoon,Medium,Motorcycle,Novice,5.0,73.60334725549995,50,1894.1045905856854,510.2379537817937,Moderate
West,Clear,Night,Low,Motorcycle,Novice,5.0,56.98256273781564,39,4648.653783758538,223.24844851771073,High
West,Clear,Afternoon,High,Motorcycle,Intermediate,2.0,67.73110788203883,22,202.54404956252563,985.6604119950565,Moderate
East,Clear,Afternoon,Medium,SUV,Novice,6.0,54.47055011561297,65,1223.3579779954005,621.4769097447557,High
West,Foggy,Evening,Low,Truck,Intermediate,5.0,57.93025526465368,40,1387.190412195851,279.151187466047,Moderate
South,Foggy,Night,Low,Motorcycle,Intermediate,3.0,85.41814883575174,30,1285.3022680223373,210.78042456143032,High
West,Clear,Morning,High,SUV,Experienced,6.0,55.86540944811972,25,230.79881846796025,1222.6930520562387,Moderate
East,Clear,Evening,Low,Sedan,Novice,4.0,99.38611948680158,25,2494.709602562345,381.969438573576,High
West,Rainy,Afternoon,High,Motorcycle,Novice,6.0,72.5419685702066,50,3354.341850543731,865.5087850842536,Moderate
East,Snowy,Night,High,Truck,Intermediate,2.0,74.81831236006181,53,4150.710806503112,760.7159935777007,Low
South,Snowy,Night,Low,SUV,Intermediate,5.0,58.03799480241541,24,211.7961268199548,138.2280851903159,Moderate
South,Clear,Evening,Medium,Truck,Intermediate,6.0,70.14900893825808,58,281.8350528107171,739.2809078525376,Moderate
North,Clear,Night,High,Truck,Intermediate,4.0,55.5959809698864,36,2435.486959718474,27.802866759573075,Moderate
East,Rainy,Afternoon,High,Motorcycle,Intermediate,5.0,51.69729892928994,49,126.8549701804551,774.883023637848,Moderate
East,Rainy,Morning,Medium,Sedan,Novice,4.0,58.984155443512094,70,103.10166612531843,534.1605207690808,Moderate
East,Snowy,Night,High,SUV,Novice,5.0,86.86785386938999,20,110.04288633809105,855.1586273552144,Moderate
West,Rainy,Night,High,SUV,Experienced,6.0,84.16240141448229,61,3080.7016537193995,891.2903554400698,Moderate
West,Clear,Evening,Medium,SUV,Intermediate,6.0,73.13114783696582,25,2088.3706665238715,35.80467412449808,High
South,Snowy,Morning,Medium,Truck,Experienced,2.0,67.96166846998828,30,3085.6751102382264,510.25291389947773,Moderate
North,Rainy,Morning,High,Sedan,Experienced,4.0,93.39591472600111,27,2289.26417994117,959.2455631937727,Low
West,Rainy,Morning,High,Motorcycle,Intermediate,4.0,86.62860486051252,61,4755.294039301563,978.0261731372025,Moderate
North,Foggy,Afternoon,High,Sedan,Intermediate,2.0,82.5616488520746,57,4249.228096229063,924.8413880312859,Moderate
South,Clear,Morning,Low,Truck,Experienced,5.0,89.11927420291367,33,4858.279040030926,360.20831313087825,High
West,Clear,Morning,Medium,Sedan,Intermediate,6.0,69.55407683258804,46,113.7427355447922,722.144159357861,High
South,Rainy,Evening,Low,SUV,Intermediate,5.0,90.87248542455958,70,215.57822253881767,322.0050186119439,Moderate
North,Rainy,Afternoon,Low,Sedan,Experienced,2.0,85.40860443226407,60,256.75196849682146,145.61775250989936,Moderate
South,Clear,Morning,High,Truck,Intermediate,2.0,86.90168082131852,29,1734.1290015817046,1081.058421216868,Low
East,Snowy,Morning,High,Motorcycle,Experienced,5.0,94.29888741180935,47,3710.082112903917,953.6834653347543,Moderate
East,Rainy,Evening,High,SUV,Novice,2.0,72.73699278169295,54,130.1216206436548,906.395790140964,Low
East,Clear,Night,Low,Sedan,Intermediate,3.0,98.78051004299574,25,3684.215241727188,299.47067453170655,High
East,Rainy,Evening,High,Truck,Novice,2.0,52.4106019430278,49,3884.5876109022706,785.1511743376033,Low
South,Foggy,Afternoon,Medium,SUV,Intermediate,4.0,99.05930890137117,38,2186.8949530029818,575.9899008979148,Moderate
East,Rainy,Morning,High,Truck,Experienced,6.0,63.68133331408329,53,4039.4085257889683,925.2897654322215,Low
East,Rainy,Night,Medium,SUV,Intermediate,6.0,68.66546581398765,59,261.8366342278062,485.9732799283157,Moderate
South,Foggy,Night,Medium,Truck,Intermediate,4.0,68.98462040836334,41,1893.6798540997852,522.0873166851077,Moderate
North,Rainy,Evening,High,Sedan,Intermediate,6.0,66.85015882156432,28,4354.946829646946,957.3504057241299,Moderate
West,Rainy,Afternoon,Medium,Sedan,Experienced,3.0,74.39270219631813,68,1927.2452070521533,493.5452089977311,Moderate
North,Foggy,Morning,High,Sedan,Novice,2.0,84.39428611504067,53,1760.9966591032594,1066.7414867417262,Low
North,Clear,Evening,Medium,Motorcycle,Novice,2.0,60.394312757301364,26,210.93146960701912,662.9703091874451,Moderate
West,Snowy,Evening,Low,SUV,Intermediate,2.0,79.51474712574039,47,2305.2050869020254,191.6081722714776,Moderate
North,Foggy,Evening,Medium,SUV,Intermediate,3.0,89.74047743749647,41,2477.9761321899246,638.7833581737253,Moderate
East,Rainy,Morning,Medium,Sedan,Novice,5.0,57.97723400565942,47,3003.9842704381404,506.40730274280133,Moderate
North,Clear,Afternoon,Low,Motorcycle,Novice,4.0,56.259289610127524,58,1726.4820279926892,165.76069994551443,High
East,Clear,Night,Low,Sedan,Experienced,5.0,88.52037089038966,67,180.72020047231825,271.25213427897995,High
East,Foggy,Afternoon,Low,Truck,Intermediate,4.0,54.97206963796726,68,3802.612048439424,138.42079310788787,Low
East,Rainy,Afternoon,High,Sedan,Experienced,3.0,75.47110640748949,60,1909.2250679379838,42.43763502826175,Moderate
East,Foggy,Afternoon,Low,SUV,Experienced,4.0,58.927233102716684,51,1851.0312847575324,111.84016973054332,High
West,Foggy,Afternoon,Medium,Motorcycle,Intermediate,2.0,54.0523107953824,63,4507.659401138437,482.0398007766419,Moderate
West,Foggy,Afternoon,Medium,Truck,Novice,4.0,82.96769611028913,61,4656.976267790482,549.7695917452627,Moderate
South,Rainy,Evening,Medium,Truck,Experienced,6.0,84.75176144292766,49,1474.7573966604168,618.0798826334485,Moderate
West,Snowy,Night,Low,Sedan,Intermediate,4.0,80.76097191155054,30,3442.477392892128,180.4158287767438,Moderate
West,Clear,Night,Medium,SUV,Novice,4.0,58.380960814415886,44,251.74306423278415,548.1819304333369,Low
East,Foggy,Night,Low,Motorcycle,Experienced,3.0,72.68947706918196,59,2340.9667013032363,281.25060976547843,High
North,Clear,Evening,Medium,Truck,Novice,2.0,90.28350764750266,65,3541.8853966327306,676.6349982299278,Moderate
East,Foggy,Afternoon,Low,Truck,Intermediate,2.0,86.11334659278296,60,1986.3176087608763,147.61808941834764,Moderate
West,Clear,Evening,Medium,Truck,Intermediate,4.0,96.27842564533881,59,1981.5344281219661,755.6392593349692,Moderate
South,Clear,Morning,Low,SUV,Experienced,6.0,67.29415284764784,68,1243.266655757661,350.0450069720625,High
North,Foggy,Evening,Low,SUV,Intermediate,6.0,74.90978582265694,23,3444.7226094963407,307.8253127169715,High
North,Snowy,Morning,Low,Sedan,Intermediate,3.0,81.61321439597651,22,4022.5509244015025,198.0292816758515,Moderate
East,Snowy,Afternoon,High,SUV,Intermediate,5.0,79.02941751390217,69,188.2447427310653,858.897466367885,Low
West,Foggy,Evening,Low,Truck,Novice,3.0,77.54286853045696,35,3363.2279355132055,305.58210918094596,Moderate
South,Foggy,Morning,Low,Sedan,Novice,4.0,69.46478070209884,46,1360.5556060367828,302.44874751634745,Moderate
East,Foggy,Morning,High,Motorcycle,Experienced,2.0,84.47324845686329,57,1311.3880229407457,967.231390824492,Moderate
North,Foggy,Morning,High,Truck,Intermediate,2.0,93.40283450537251,29,256.8412348730534,1032.5906701362287,Low
East,Rainy,Afternoon,Low,Sedan,Intermediate,6.0,75.98869742780089,25,250.3493984791681,141.7423142441547,High
West,Foggy,Afternoon,High,SUV,Novice,6.0,90.95944297133951,27,172.76192822818672,1059.5748419670992,Moderate
West,Foggy,Afternoon,Medium,Motorcycle,Experienced,5.0,64.65738651305067,27,1655.766857219878,543.6758239588777,High
West,Foggy,Night,High,SUV,Experienced,2.0,71.6167400521301,68,4127.319942057525,899.5964986809004,Moderate
West,Snowy,Evening,Medium,SUV,Intermediate,6.0,51.55915675306424,31,2333.616322415357,602.7917230627579,Moderate
North,Foggy,Afternoon,High,Motorcycle,Novice,6.0,93.43115839778054,59,142.93357279450737,999.1942101087412,Moderate
West,Snowy,Afternoon,Low,Sedan,Intermediate,3.0,58.181191059583455,58,209.92125370615133,147.2403451473924,Moderate
South,Rainy,Afternoon,Low,Motorcycle,Novice,4.0,60.42552571786679,60,1803.5185868268622,183.93308122490123,Moderate
West,Rainy,Morning,Low,SUV,Novice,4.0,58.67622574932543,47,3597.7142705180613,253.99285369772392,Moderate
South,Rainy,Afternoon,Low,Motorcycle,Novice,6.0,90.39229709706294,23,4898.401386361783,186.6099271010054,Low
East,Clear,Morning,Medium,Motorcycle,Intermediate,2.0,60.74701892953784,45,2163.322596090684,669.4370125104997,High
West,Foggy,Afternoon,Low,SUV,Experienced,6.0,79.10852300881366,41,1611.266329933141,226.65981454365757,High
North,Rainy,Evening,Medium,Truck,Intermediate,4.0,60.80190912547998,57,4064.583751902909,555.5024258718995,Moderate
South,Snowy,Evening,High,SUV,Intermediate,3.0,85.87988828290881,58,1305.073884078212,902.5079622562538,Low
South,Clear,Evening,Low,Truck,Experienced,5.0,97.97883221605167,30,143.3912491727759,391.2913405942533,High
South,Snowy,Afternoon,Low,SUV,Experienced,4.0,90.89171080875107,21,1578.986109049735,235.18168551865608,Low
South,Rainy,Night,Low,Truck,Novice,5.0,77.06332893380551,23,4143.491966287497,170.68593300396824,Moderate
South,Snowy,Morning,Low,SUV,Novice,6.0,50.60603873219466,62,4924.522893218314,280.06298675646445,Moderate
South,Clear,Evening,High,SUV,Experienced,5.0,77.51132710781309,43,154.72808357215433,1209.7106364990555,Moderate
North,Clear,Afternoon,High,Motorcycle,Experienced,6.0,89.93916178868326,67,2340.1388376850255,1160.9813791856775,High
West,Rainy,Evening,High,Motorcycle,Experienced,3.0,98.73965810733915,24,4498.780905602318,947.7429694936404,Moderate
South,Clear,Afternoon,Low,Sedan,Novice,3.0,74.79378675393855,25,115.69116326342478,232.54211978943164,High
North,Foggy,Evening,High,Motorcycle,Novice,3.0,91.94490432229671,30,4115.417652500088,1025.4560440979508,Moderate
South,Rainy,Night,Medium,Truck,Novice,2.0,94.43740399344887,26,4281.271185605173,524.9091103369343,Low
South,Foggy,Afternoon,Medium,Truck,Experienced,6.0,61.40398859744663,57,209.44750408412864,498.5693462587073,High
North,Rainy,Morning,Medium,Truck,Novice,4.0,95.77441487940209,53,146.05018414210292,645.2768554807482,Low
North,Clear,Afternoon,Low,Motorcycle,Experienced,2.0,63.113202214991254,36,4547.982756305525,237.86543559572448,High
West,Foggy,Afternoon,Medium,SUV,Experienced,3.0,92.04357897129613,45,2390.9486277003,513.6401209673941,High
North,Rainy,Evening,High,SUV,Experienced,5.0,52.73808194110157,62,165.16462351288996,874.1841624222892,Low
North,Clear,Afternoon,Low,Truck,Experienced,5.0,84.87357308346418,43,131.46525600036566,284.0235206820473,High
East,Snowy,Morning,Medium,Sedan,Experienced,6.0,55.32965151539953,55,1441.4009731423996,560.6881657353395,Moderate
South,Rainy,Night,High,Motorcycle,Novice,3.0,65.27621553290118,68,266.91435805112553,745.4246842515787,Low
West,Foggy,Afternoon,High,Motorcycle,Intermediate,2.0,92.56034570243844,62,2137.3072354922315,946.1595060179695,Moderate
West,Clear,Evening,Low,SUV,Experienced,2.0,63.7107601174335,45,289.3467457846791,261.6186913774308,High
East,Snowy,Evening,High,Truck,Novice,3.0,68.55193814923014,63,238.41472940487378,907.9588337483644,Low
South,Foggy,Morning,High,Truck,Intermediate,2.0,72.51854681290925,47,2074.4655038332007,969.7834754383701,Low
West,Snowy,Evening,Medium,Motorcycle,Intermediate,2.0,72.30028864789779,58,288.5448638188225,520.6428250232391,Moderate
East,Snowy,Night,Medium,Sedan,Intermediate,6.0,50.24699904672048,57,4643.295865923543,494.6183592316338,Moderate
East,Foggy,Night,Medium,Truck,Intermediate,4.0,62.1586095499727,31,4858.456107263708,553.78201200303,Moderate
West,Snowy,Morning,Medium,Motorcycle,Intermediate,2.0,74.33344707123514,22,1444.871434095554,617.6837905232015,Moderate
South,Snowy,Afternoon,Low,SUV,Intermediate,5.0,70.0381530437663,34,1253.8872925696644,130.17956822903201,High
South,Snowy,Night,Medium,Sedan,Intermediate,5.0,72.60995141417176,70,2173.2759794953718,528.2959022463592,Moderate
South,Snowy,Afternoon,High,Truck,Intermediate,2.0,89.3172507207776,54,2387.8713135018716,772.1770703801611,Low
North,Foggy,Evening,Low,Truck,Intermediate,6.0,76.99785651402797,68,1399.323342568393,300.64259012348026,Moderate
North,Snowy,Morning,Low,Sedan,Intermediate,5.0,94.70496018395673,41,2457.339967177031,301.31698643779936,High
East,Clear,Morning,High,Truck,Intermediate,2.0,79.87065510851542,22,1594.4120893020772,1093.1374054252522,Low
East,Snowy,Night,High,SUV,Experienced,3.0,63.53723365717769,33,1707.5528638066394,723.1280251320821,Moderate
South,Clear,Morning,High,Motorcycle,Intermediate,6.0,64.24364509809614,48,187.69134305011562,1165.0073780265463,Moderate
East,Foggy,Evening,Medium,SUV,Intermediate,4.0,88.5460922322026,45,2319.9774824344213,666.8574676859364,Moderate
North,Rainy,Afternoon,Low,Sedan,Experienced,2.0,86.40943781018017,25,1956.2843698536374,184.4253729588252,High
West,Snowy,Afternoon,High,Sedan,Novice,2.0,55.52370565656973,69,2495.278510796075,756.3164483634748,Low
North,Foggy,Night,High,Truck,Novice,2.0,61.50044186438515,57,1516.3395964523475,33.85409859755541,Low
East,Snowy,Afternoon,Low,SUV,Intermediate,4.0,50.48854237095918,21,188.78389090127558,2.5009410451093173,Moderate
South,Foggy,Evening,Medium,Motorcycle,Intermediate,4.0,70.47058260956203,37,1506.677483542338,715.8861325499565,Low
South,Snowy,Night,High,SUV,Intermediate,4.0,70.70648762644635,26,1912.8531683825859,833.6514022630653,Low
East,Snowy,Afternoon,Low,SUV,Novice,2.0,66.97250962714031,51,1391.1653776581643,189.4626971103337,Moderate
East,Foggy,Night,Low,Motorcycle,Experienced,6.0,53.00711713003926,27,3321.35916942369,188.93633372424694,Very High
West,Rainy,Evening,High,Truck,Intermediate,2.0,56.54368303591749,21,196.79787363594943,893.2545990524394,Low
South,Clear,Afternoon,Low,SUV,Novice,6.0,94.72761134470457,70,4733.095963498174,287.5326307287594,High
West,Rainy,Evening,Low,SUV,Intermediate,3.0,81.2074453924567,32,3205.496504904847,224.9967725606383,Moderate
East,Foggy,Evening,Medium,SUV,Intermediate,6.0,64.58312893546517,56,113.69174386671561,662.8319416083568,Moderate
South,Foggy,Morning,Low,SUV,Novice,2.0,72.43468113112652,49,1918.8099000038462,316.1828383678592,Low
South,Foggy,Night,Medium,Motorcycle,Intermediate,3.0,94.90271447203568,59,1755.829564038052,571.8483027299652,High
North,Foggy,Morning,Medium,Sedan,Experienced,3.0,72.36012702524178,31,174.50178631069318,592.033946816137,Moderate
West,Foggy,Night,Low,Motorcycle,Novice,4.0,80.97939774489149,47,274.62176855284554,139.47456091969255,High
North,Foggy,Morning,Medium,Truck,Experienced,6.0,90.8983512059531,22,1690.2768852093511,752.8485633261143,Moderate
South,Snowy,Morning,Medium,SUV,Experienced,6.0,71.06785011385351,35,1200.2656688623247,591.9584540072468,Moderate
North,Foggy,Afternoon,Medium,SUV,Experienced,3.0,58.90179834348757,23,2119.185493031956,500.0583425460321,High
South,Foggy,Afternoon,Medium,Truck,Novice,6.0,93.9314993177579,26,3923.432287626238,646.9911210766674,Moderate
North,Rainy,Afternoon,High,Truck,Novice,4.0,84.73482354272133,29,4560.752247141961,865.6167640099275,Low
South,Rainy,Morning,High,SUV,Experienced,4.0,54.23960080229016,54,2281.63188995189,912.315948676829,Low
North,Clear,Morning,High,Sedan,Intermediate,6.0,87.8081664447623,24,4136.92979701588,1158.3404091202071,Moderate
East,Rainy,Morning,Medium,Truck,Intermediate,2.0,85.80753371115968,39,143.94135807828008,556.6713752934288,Moderate
East,Clear,Night,Low,SUV,Intermediate,2.0,81.37527316091851,33,2025.168992761684,191.84334747438615,High
East,Foggy,Evening,Low,SUV,Novice,4.0,59.27627578515606,60,1931.9784240244758,222.2197078305714,Moderate
South,Rainy,Morning,Low,Truck,Intermediate,6.0,86.92246046256633,54,3423.2717971397224,256.06460236512964,Moderate
West,Rainy,Morning,Medium,SUV,Intermediate,4.0,52.89213382816982,20,4758.9931414562525,570.0194778183899,Low
East,Rainy,Night,High,Sedan,Experienced,5.0,74.75732635069872,39,1560.9323275798945,804.8477632162112,Moderate
North,Clear,Night,Low,Sedan,Experienced,2.0,54.90412903921223,53,3191.4581094887944,138.9594147972481,High
North,Clear,Night,Low,Motorcycle,Intermediate,5.0,50.549791432924025,27,1231.4130121124833,154.6597083036139,High
West,Clear,Night,High,Truck,Novice,2.0,93.42339879489563,50,4653.429319862036,1031.134630668948,Moderate
North,Rainy,Night,High,Motorcycle,Intermediate,3.0,79.72381675930865,65,1545.9684042778306,807.4307243027333,Moderate
West,Clear,Afternoon,Low,SUV,Intermediate,5.0,54.26748340393219,44,299.22458992788825,182.6373662298413,High
North,Foggy,Afternoon,Low,Truck,Novice,5.0,93.36471004799012,51,2364.9496327066922,231.78012467234896,High
West,Snowy,Night,Low,Motorcycle,Intermediate,5.0,55.052290550532334,47,3701.638218670031,129.6967838349134,High
South,Clear,Evening,Medium,SUV,Intermediate,5.0,55.88755414450706,66,4268.679479422409,689.9555078517205,Moderate
North,Snowy,Morning,High,Truck,Intermediate,3.0,69.62467782033424,47,2078.2137098293642,943.203758254812,Low
East,Foggy,Evening,High,Motorcycle,Novice,3.0,93.57684030761882,25,234.2958297334414,996.0528817943048,Moderate
West,Foggy,Evening,Low,Truck,Experienced,3.0,75.36174043441963,46,1988.6583036045909,228.0949352841643,Moderate
East,Clear,Evening,High,Motorcycle,Experienced,3.0,54.574341869887746,61,1462.4891559649259,1061.4188899581773,Moderate
West,Foggy,Night,Low,Truck,Experienced,5.0,75.94190285630361,70,2142.228482254716,155.91358999234438,High
East,Foggy,Night,High,Truck,Experienced,6.0,75.95298954541352,60,1479.7796477638913,990.2546918859872,Moderate
North,Rainy,Evening,Low,SUV,Novice,4.0,84.75722770237968,39,4787.970410093922,255.81954328600156,Moderate
West,Rainy,Morning,Low,Truck,Experienced,2.0,53.47119213730467,58,4179.895765603617,205.41236520882373,Moderate
North,Foggy,Afternoon,Medium,Truck,Novice,5.0,66.18051095747705,21,1925.5552774085472,568.5416962976407,Moderate
West,Clear,Morning,Low,Motorcycle,Intermediate,4.0,99.8166958028371,45,3468.4067418526683,354.708909224021,High
North,Snowy,Evening,Low,Truck,Novice,6.0,51.967177033425486,34,2470.948484967418,270.428710446673,Moderate
South,Rainy,Night,High,SUV,Experienced,2.0,74.91838863697399,44,250.92424431971835,755.3020253555641,Low
West,Foggy,Night,Low,Sedan,Intermediate,3.0,96.84148696623791,41,101.98476422556712,268.6912122025054,Low
West,Foggy,Night,Medium,Truck,Intermediate,4.0,89.53615824194819,52,2235.640285232072,582.5886456889467,Moderate
West,Foggy,Evening,High,Motorcycle,Intermediate,3.0,58.76514711788298,67,3931.365083524559,987.4396846467512,Low
South,Rainy,Night,Medium,Motorcycle,Experienced,2.0,82.89226523015179,59,4161.900759776358,456.3067895838596,Moderate
East,Clear,Afternoon,High,SUV,Novice,4.0,97.57016711033285,60,3791.415927147585,1062.9311032294645,Moderate
North,Foggy,Morning,High,Truck,Novice,2.0,54.382137338191924,47,3284.510479553631,931.4503208048019,Low
West,Rainy,Night,Medium,SUV,Novice,4.0,80.02584302168268,20,4460.992721917581,538.8770724690096,Moderate
South,Snowy,Evening,Medium,Sedan,Novice,6.0,93.95591537810824,70,2406.7392481542,667.614081255121,Moderate
South,Rainy,Afternoon,Low,Truck,Novice,6.0,80.8572493302015,42,4324.967893883217,168.99743434267256,Moderate
East,Snowy,Afternoon,Low,Sedan,Intermediate,4.0,56.57838425636299,54,1729.5359260634084,105.63024584155903,High
East,Clear,Afternoon,High,Sedan,Experienced,6.0,76.258169183353,23,2405.261245300698,1093.5196424059004,High
South,Foggy,Night,Medium,SUV,Intermediate,6.0,96.04209413086862,38,3278.393402691391,639.0522018726037,High
East,Clear,Night,High,Truck,Intermediate,5.0,89.99276279736577,42,257.78649435520146,1151.6000862973294,Moderate
North,Foggy,Afternoon,Low,Truck,Intermediate,3.0,63.2800021294353,41,3382.237418992005,134.93090100477372,Moderate
West,Foggy,Afternoon,Medium,SUV,Novice,4.0,76.4468567013606,23,4333.200958093239,511.6523099346583,Moderate
South,Rainy,Morning,High,Motorcycle,Intermediate,3.0,78.53048733194149,39,2196.3264838575496,908.7169519397856,Moderate
West,Snowy,Evening,Medium,Sedan,Intermediate,4.0,72.71886672799805,24,1332.0532061228319,612.5678197516185,Moderate
North,Foggy,Night,Medium,Truck,Novice,3.0,84.4201198213868,56,213.61850246757345,548.8491110711608,Moderate
West,Foggy,Afternoon,High,Motorcycle,Novice,6.0,63.403182041143815,48,1649.18714047572,971.0587661736143,Moderate
North,Rainy,Evening,Medium,Truck,Novice,5.0,63.48748057584948,58,249.1506758152252,575.1791832822447,Moderate
East,Rainy,Morning,Medium,Truck,Intermediate,5.0,51.83357134667715,66,3866.3262226303327,642.4822314740248,Low
East,Clear,Night,High,Sedan,Novice,2.0,79.75389653501274,33,3439.6106976463802,971.3197934632601,Moderate
South,Clear,Afternoon,High,SUV,Experienced,6.0,59.32191310721272,58,271.006040323987,1084.353092323909,Moderate
West,Clear,Morning,High,SUV,Novice,3.0,60.60224199541133,25,255.4098571303512,1164.734917867064,Moderate
South,Rainy,Afternoon,Medium,Motorcycle,Intermediate,3.0,80.39525463967223,36,4366.907554815018,530.0864643623505,Moderate
West,Clear,Afternoon,Medium,SUV,Novice,5.0,96.35172723981533,31,1711.5284527475824,704.9356679000992,High
North,Rainy,Night,Medium,Truck,Experienced,2.0,56.01045276853042,60,4381.767953101646,463.65646660849654,Moderate
West,Clear,Afternoon,Medium,SUV,Novice,4.0,65.77034478740063,22,2178.207572253215,621.4259223654502,Moderate
West,Snowy,Evening,Low,SUV,Experienced,6.0,90.86488849812469,35,4675.8167497036075,284.8920640459272,High
East,Snowy,Afternoon,High,Sedan,Novice,4.0,51.92131744811625,46,209.49429797246373,769.1431942631333,Low
South,Clear,Morning,Low,SUV,Intermediate,2.0,83.17686860083553,55,1719.3462873747312,303.16791450047845,High
East,Foggy,Night,High,Sedan,Intermediate,3.0,55.2832342130872,42,2317.206673993123,874.1032489102574,Moderate
West,Foggy,Morning,High,Truck,Experienced,6.0,95.72059729624799,54,1377.1808865430996,1151.3589572841631,Moderate
East,Foggy,Evening,Medium,Truck,Experienced,6.0,91.30338151262642,49,247.8133951878745,747.5906904321239,Moderate
South,Snowy,Afternoon,High,Motorcycle,Experienced,2.0,64.85608578115875,67,1274.621039400306,801.6983722314069,Moderate
West,Foggy,Morning,Medium,Sedan,Novice,5.0,56.233134060163344,34,3330.4841008852063,680.8270744766243,Moderate
North,Snowy,Evening,High,SUV,Intermediate,5.0,90.08640415348958,38,2458.7845687735717,1.3173666096958803,Low
East,Foggy,Night,High,SUV,Experienced,3.0,57.43313638765565,60,4182.813518844976,857.7192625236427,Moderate
West,Snowy,Evening,Medium,Sedan,Experienced,6.0,73.80090646843833,50,283.2841089064133,686.9362596528749,Moderate
North,Clear,Evening,High,Truck,Novice,3.0,72.48923244106612,53,1452.4567210595555,1070.2927878365795,Low
North,Snowy,Afternoon,Medium,Sedan,Experienced,4.0,94.74083280302638,30,3387.726135873785,550.7721579233227,High
East,Clear,Night,Low,Motorcycle,Novice,5.0,88.01449115610674,29,236.27060264826974,244.5640872342024,High
East,Clear,Morning,Medium,Sedan,Novice,2.0,62.10225079312637,65,1446.8036798994863,626.4826173660208,Moderate
East,Clear,Evening,Medium,Truck,Experienced,5.0,97.49805919751127,61,120.36073658990738,807.2507872267264,Moderate
North,Clear,Night,Low,Truck,Novice,3.0,59.788899284177305,64,4237.9831293971765,181.44576361124288,Moderate
East,Rainy,Afternoon,Low,Sedan,Experienced,3.0,90.29627000588106,33,3424.894554390946,150.15266648074703,High
East,Clear,Afternoon,High,Truck,Intermediate,2.0,64.86745036862754,38,1969.3253058790224,963.1894643631483,Moderate
North,Snowy,Evening,High,Sedan,Novice,4.0,66.6749585845572,51,1626.5308300093916,897.4069760306693,Low
East,Snowy,Night,Low,Motorcycle,Experienced,2.0,76.76550657262959,47,163.93041105841252,143.783913824578,High
East,Foggy,Night,Low,SUV,Experienced,4.0,51.55670414422557,40,2276.078319812881,88.32111635107944,High
South,Clear,Afternoon,High,Sedan,Intermediate,4.0,62.99066043725171,48,3709.332409970166,986.8566978297531,Moderate
West,Clear,Night,Medium,Truck,Intermediate,5.0,91.29083752823814,33,4564.342526182492,0.4502832132237622,High
East,Snowy,Evening,High,Motorcycle,Intermediate,5.0,73.71071083287319,65,2121.765409281863,899.4458733608565,Low
West,Foggy,Night,Medium,Sedan,Experienced,6.0,58.819349325311165,59,2486.6911647138795,582.5779195545252,High
East,Rainy,Night,High,Motorcycle,Novice,3.0,92.2178541369808,27,275.8660431356948,821.9022178985531,Moderate
West,Snowy,Morning,Medium,Sedan,Intermediate,2.0,80.84634591878711,68,1776.9080033898508,557.1190033900763,Low
South,Snowy,Morning,High,Sedan,Intermediate,5.0,53.62234438972794,43,4088.5079322273955,885.1615813704511,Low
West,Clear,Morning,High,SUV,Novice,6.0,74.4120568510889,67,200.4854574332753,1133.9719372769189,Moderate
South,Foggy,Morning,Low,Sedan,Experienced,4.0,56.38567418176174,23,4199.255136919843,301.7394447741193,High
North,Foggy,Afternoon,Low,Motorcycle,Novice,2.0,75.9540892568109,56,118.98168825346924,144.4457176555818,High
South,Snowy,Evening,High,Truck,Intermediate,6.0,57.62080066652087,64,4049.471275322864,946.6717618269847,Low
South,Snowy,Afternoon,High,Truck,Novice,5.0,89.97079394844897,39,4659.526240575289,851.8057969966691,Low
West,Rainy,Morning,High,Truck,Intermediate,5.0,51.80801902623811,37,235.62276619084176,913.6160382208833,Low
East,Rainy,Morning,Low,Truck,Intermediate,4.0,80.02971666803086,70,139.69821492106982,250.32871332715044,Moderate
South,Foggy,Night,Medium,Truck,Experienced,4.0,85.32378632434506,51,4030.0113194194464,621.5103775097932,High
West,Rainy,Evening,Medium,Sedan,Intermediate,6.0,66.23379634450299,57,3440.8920084908377,610.6994294842765,Moderate
South,Clear,Afternoon,High,SUV,Intermediate,5.0,60.04668443295282,64,1313.4834600137908,1053.0197649660713,Moderate
South,Clear,Night,Medium,Motorcycle,Novice,5.0,93.53749506362557,36,2062.82824992655,684.7775140871047,High
East,Rainy,Afternoon,Low,Sedan,Intermediate,5.0,57.50243323469921,31,3524.6859335618915,143.68672483734682,Moderate
West,Foggy,Afternoon,Medium,Truck,Novice,6.0,58.31416843780397,44,193.63082826020607,543.0148787570035,Moderate
North,Rainy,Evening,Low,SUV,Novice,2.0,71.9755844316455,44,1737.4187779196234,198.37579965171557,Moderate
South,Clear,Evening,High,Sedan,Intermediate,2.0,93.69450387812577,24,4439.30763322106,1082.2763037478003,Moderate
North,Snowy,Morning,Medium,Sedan,Novice,4.0,53.97096844944933,56,1291.229140454695,597.0329779262113,Moderate
North,Foggy,Night,Medium,Motorcycle,Experienced,3.0,75.9204010972602,49,261.0860086091958,523.9309945418925,High
South,Clear,Night,Medium,Truck,Intermediate,4.0,80.08059100731656,20,3113.9574539947366,647.0748182648406,High
West,Snowy,Afternoon,Low,Sedan,Experienced,4.0,67.0908675848938,62,154.28187608934286,157.1814096905829,High
North,Snowy,Night,High,SUV,Novice,3.0,96.21980976882652,50,1769.4427177889065,814.8990476884841,Low
South,Foggy,Night,High,SUV,Experienced,2.0,66.22929149501351,60,4495.588699518745,892.762656840406,Moderate
East,Clear,Evening,Medium,Truck,Experienced,3.0,54.2754265427234,65,2210.1053519174634,655.9498190010005,Moderate
North,Foggy,Afternoon,High,Sedan,Experienced,5.0,84.02496510373565,59,1255.2401916494853,947.5131749433161,Moderate
East,Foggy,Evening,Medium,Motorcycle,Experienced,5.0,61.03848063943802,43,3151.167227708134,642.7522047656475,High
West,Snowy,Morning,Medium,Truck,Novice,5.0,90.2996274887579,21,2018.1828799605291,647.3039454604616,Low
North,Snowy,Evening,Low,Motorcycle,Experienced,5.0,98.47061611676438,54,2062.136279977612,300.93677023318037,High
North,Snowy,Afternoon,Low,Motorcycle,Experienced,3.0,51.18192930231682,64,155.88317683521439,92.66513648064249,High
West,Rainy,Morning,High,Motorcycle,Experienced,6.0,93.53767251686295,44,4736.821575882765,974.4828150815324,Moderate
East,Snowy,Night,Low,Motorcycle,Intermediate,3.0,71.80632645676583,48,2294.8835412190015,107.27963746608432,High
South,Clear,Evening,High,Truck,Novice,6.0,79.76925086600218,40,1735.854123117249,1242.7967737905824,Moderate
North,Foggy,Morning,Medium,Truck,Intermediate,2.0,95.00093209240526,63,1693.307932089854,614.4330929817228,Moderate
West,Rainy,Afternoon,Medium,Sedan,Intermediate,6.0,56.5043120065316,20,155.57055521794246,517.4772187910396,Moderate
South,Snowy,Evening,Medium,SUV,Experienced,4.0,86.6807190280701,56,212.43776221290503,599.5364109818358,Moderate
North,Rainy,Evening,Low,Truck,Novice,4.0,86.61124432047805,65,2055.9765237829597,280.89954779308613,Moderate
South,Rainy,Night,High,Truck,Novice,2.0,51.519352984841845,64,3160.444492911428,680.2739378636886,Low
East,Rainy,Morning,Low,Truck,Experienced,2.0,96.35004839621476,42,3690.1674910264674,297.04031934679523,Moderate
North,Snowy,Afternoon,Low,Truck,Novice,6.0,91.99306514333603,37,4125.1104025460945,237.85401975146064,Moderate
East,Foggy,Afternoon,Medium,Sedan,Intermediate,4.0,71.2065335651193,24,1917.8358691433912,602.0777200644844,Moderate
South,Clear,Afternoon,Medium,Motorcycle,Novice,4.0,67.74981529159686,70,3476.2933073313925,551.221599145546,High
West,Rainy,Afternoon,Low,SUV,Novice,4.0,57.04285101898999,27,1769.4672858536642,121.406479506405,Moderate
South,Clear,Evening,Low,Truck,Experienced,6.0,96.04239239078434,63,2497.383600567414,378.18556858153175,High
East,Rainy,Afternoon,High,SUV,Novice,3.0,91.90576448240552,70,1714.8139626043376,874.4151383934471,Low
East,Foggy,Night,Low,Truck,Novice,4.0,51.063470542519354,36,2302.8318227604027,26.19965837323336,Moderate
South,Clear,Night,Medium,SUV,Intermediate,6.0,67.5062629583365,54,3138.0151852256326,681.3764020436776,High
South,Foggy,Afternoon,High,SUV,Experienced,4.0,78.36561098144517,64,4413.351067355399,930.6004684797477,Moderate
South,Foggy,Morning,High,Motorcycle,Novice,3.0,95.45162603328205,60,2071.478262941852,1055.1904626681942,Moderate
West,Rainy,Night,Low,Truck,Novice,5.0,96.69375087639524,52,4878.1369589005835,254.5225307339749,Moderate
West,Rainy,Morning,Medium,Truck,Intermediate,5.0,90.15129489163317,59,1916.2152765500025,643.4592448467959,Moderate
North,Foggy,Night,Low,Sedan,Novice,6.0,74.35309594094679,35,2217.2573686668143,219.53853285078662,High
North,Rainy,Evening,Low,SUV,Novice,6.0,73.99378101519544,66,3092.113468379913,263.0380162949816,Moderate
South,Clear,Evening,Low,Motorcycle,Intermediate,2.0,92.20852244845986,54,2090.4798507800547,284.77037130158817,High
West,Foggy,Evening,Medium,Truck,Intermediate,4.0,75.63442555082543,25,3952.6714666021976,641.6950693981902,Moderate
South,Clear,Afternoon,Low,Truck,Novice,2.0,71.30906511179865,67,2161.752957389711,220.27862363225154,Moderate
West,Rainy,Evening,Low,Motorcycle,Intermediate,2.0,56.844281503440364,20,1311.6138000033993,240.80319759682226,Moderate
North,Snowy,Morning,Medium,Truck,Intermediate,2.0,99.38927601074437,27,1671.3858621174763,653.8213791259357,Low
East,Rainy,Night,Medium,SUV,Experienced,5.0,65.39649707955954,44,2348.6406723120745,476.1424931127958,Moderate
South,Foggy,Night,Low,Motorcycle,Experienced,5.0,93.10072411363113,57,157.5890685351985,224.8392902656803,High
West,Clear,Morning,Medium,Motorcycle,Intermediate,4.0,67.29674962734815,66,1463.457339150497,700.7975218622845,High
South,Rainy,Night,Low,Truck,Intermediate,3.0,82.04860386726659,46,1717.8813226414434,179.9593043730328,Moderate
North,Foggy,Morning,High,Motorcycle,Novice,5.0,66.3230654121996,26,1320.6592364656005,1044.6876436520918,Moderate
East,Rainy,Evening,Medium,Truck,Novice,4.0,91.48709018536007,61,141.77654480103274,593.8657591788169,Low
East,Clear,Night,Medium,Truck,Experienced,5.0,82.57101941759322,27,1485.5806386069935,618.6199250302778,High
East,Clear,Night,Medium,Sedan,Experienced,4.0,82.37373570773015,66,1889.5558471582483,649.0200311704062,High
West,Clear,Afternoon,Low,Sedan,Novice,2.0,99.83484269264883,42,2126.6851846190857,202.91968872549614,High
East,Foggy,Evening,Low,SUV,Novice,6.0,56.09430466684738,23,234.79884162914607,241.25855798472153,Moderate
West,Snowy,Night,High,Motorcycle,Experienced,4.0,96.54743477534889,26,1339.2109081852864,868.074034651424,Moderate
West,Snowy,Afternoon,High,Truck,Intermediate,3.0,63.35141350847107,46,136.03915082562958,752.2825069381954,Low
North,Foggy,Morning,Low,SUV,Novice,3.0,79.09857009571994,24,2312.913432350316,301.9135321022153,Moderate
West,Foggy,Night,Medium,Truck,Novice,2.0,97.78257491148767,54,1709.0552274543147,560.5069325238022,Moderate
East,Clear,Afternoon,High,SUV,Intermediate,6.0,55.32991265668859,70,166.4198730786273,17.77183403622657,Moderate
East,Foggy,Afternoon,Low,SUV,Intermediate,4.0,57.00565878832263,69,163.25402994586136,153.7728759158134,High
West,Clear,Night,Low,Motorcycle,Novice,3.0,85.43723488714882,55,292.6720640892076,223.79749308321672,High
North,Clear,Morning,High,Sedan,Experienced,3.0,83.19022638109026,34,1524.9878509300559,1097.4550606737648,Moderate
North,Snowy,Night,High,SUV,Novice,5.0,78.82582377571268,44,1228.9116074359777,864.8433320136278,Low
North,Foggy,Night,Low,SUV,Experienced,4.0,98.7936877455027,50,1518.9966142586898,221.44836322232834,High
East,Clear,Afternoon,Low,SUV,Novice,2.0,79.51153334345435,54,3605.831457666385,177.48112317836075,High
North,Foggy,Night,High,Sedan,Intermediate,2.0,73.7315437874907,40,1909.5337012025204,848.9476305533072,Moderate
East,Rainy,Afternoon,High,SUV,Novice,4.0,71.38865668679311,36,1538.4444173001107,826.0260752827509,Low
South,Rainy,Afternoon,High,Truck,Novice,5.0,61.58358506917217,40,1411.8302349601813,865.1706468453136,Low
West,Rainy,Afternoon,High,Sedan,Intermediate,4.0,98.67444845886985,65,3232.381913050892,863.6075314494049,Moderate
South,Rainy,Night,Low,SUV,Intermediate,6.0,88.18028970798804,46,1764.2691034417035,165.51789502248675,High
South,Rainy,Morning,Medium,Truck,Intermediate,3.0,79.84214244584446,39,2339.110748229967,544.4276058453032,Moderate
South,Rainy,Afternoon,High,Motorcycle,Intermediate,2.0,97.51186769104012,59,2207.546131837762,799.2214782356198,Moderate
West,Foggy,Morning,High,Sedan,Intermediate,5.0,82.58334126879424,34,225.49731435685587,1076.5178424670507,Moderate
North,Foggy,Night,Medium,Motorcycle,Experienced,5.0,65.9376251466035,37,1809.933034577037,543.5786362502013,High
West,Rainy,Night,High,Motorcycle,Intermediate,6.0,72.56935121648377,70,3537.0675121352147,891.7476536682365,Moderate
South,Clear,Evening,High,Sedan,Intermediate,3.0,90.69851347530094,59,2439.024711315603,1113.885362943724,Moderate
North,Rainy,Night,Medium,Motorcycle,Experienced,5.0,61.8435279487241,25,1493.6355224439533,524.2785200073142,High
East,Rainy,Evening,Medium,Sedan,Experienced,6.0,65.59080665426298,68,118.43359169448647,601.7614016977712,Moderate
West,Clear,Evening,Medium,Sedan,Experienced,5.0,67.37857621194911,27,4545.542839330158,783.9274867963642,Low
West,Foggy,Morning,High,SUV,Intermediate,6.0,91.12402818171805,21,123.97821869454242,1102.6501323002913,Moderate
West,Clear,Afternoon,Medium,Motorcycle,Experienced,6.0,51.12346541600587,63,4819.886287708784,570.9816041449494,High
South,Clear,Evening,Medium,Motorcycle,Intermediate,6.0,83.34321287730522,33,1727.5114635607486,718.1383383681239,High
East,Foggy,Evening,High,Motorcycle,Intermediate,2.0,87.48259158714623,53,2220.7718869370296,1040.7040151366098,Moderate
North,Foggy,Morning,High,Truck,Intermediate,6.0,61.59735480579877,57,1443.9340702848626,1047.4205071393162,Low
East,Clear,Evening,High,Motorcycle,Experienced,6.0,83.37749496457351,61,1886.2628030014273,1187.8838540930387,High
East,Foggy,Night,High,SUV,Experienced,3.0,80.51668916554593,57,3652.5078360822936,921.8238037616815,Moderate
South,Clear,Afternoon,Medium,SUV,Novice,2.0,82.51005461990766,40,1540.7845783896482,613.5200285339489,High
East,Foggy,Evening,High,Motorcycle,Intermediate,2.0,96.26241587078329,35,4415.442700535055,1036.0245670870493,Moderate
North,Rainy,Afternoon,Low,Truck,Novice,6.0,85.23403813683234,59,1738.7515121745996,267.200904455639,Moderate
North,Clear,Night,Low,SUV,Novice,6.0,53.06748135553341,37,1691.2441376904305,153.86286325781847,High
South,Clear,Morning,Medium,Sedan,Intermediate,2.0,52.170626642740956,53,2412.783937585284,668.9820662869835,Moderate
East,Snowy,Morning,High,Sedan,Intermediate,4.0,61.3328201113494,40,2226.959091017236,933.9684885657865,Low
East,Snowy,Night,Low,Truck,Novice,5.0,99.74331585848836,28,1835.2446688785474,265.9606848703796,Moderate
East,Clear,Evening,Medium,Sedan,Novice,3.0,65.80780524883752,25,1957.5293133196105,661.5619631720798,Moderate
East,Foggy,Night,Low,Truck,Intermediate,2.0,69.03116467382901,30,3588.5334732742285,189.71107227965646,Moderate
South,Clear,Morning,Medium,Sedan,Novice,4.0,80.54904944254959,41,3398.491908816628,697.4750693642117,Moderate
West,Clear,Morning,Low,Sedan,Experienced,3.0,81.6310946566974,41,132.56300993537275,285.94758820744914,High
East,Clear,Night,Medium,Sedan,Experienced,6.0,68.79441425728847,23,2021.6107319360558,615.8177148542139,High
West,Rainy,Afternoon,Medium,Sedan,Novice,2.0,93.54845618730428,25,1396.0455252180245,426.312597392748,Moderate
East,Foggy,Morning,High,Motorcycle,Experienced,2.0,70.8883391083667,45,1488.5340879618054,975.5899285055166,Moderate
South,Foggy,Morning,Low,Motorcycle,Novice,5.0,83.4743477599095,20,4230.2582810824,287.65828234044477,High
South,Clear,Afternoon,Low,SUV,Experienced,6.0,73.66049533457786,33,4915.162030167635,219.51990316374238,Very High
North,Rainy,Night,Low,SUV,Novice,4.0,78.3770424130779,59,203.2848776437222,208.57458750682036,Moderate
North,Foggy,Night,Medium,SUV,Experienced,6.0,62.971171671564626,44,3317.248289052756,582.0405802342443,High
West,Snowy,Night,High,Motorcycle,Intermediate,6.0,84.7733603344931,68,2118.6203942135594,834.9628595504554,Moderate
South,Clear,Evening,High,SUV,Intermediate,5.0,65.95502366216279,43,2404.773106514507,1155.062428309225,Moderate
East,Clear,Morning,Low,Motorcycle,Experienced,5.0,92.57124788725478,48,4003.035920700333,378.7886199984252,High
East,Foggy,Evening,Medium,SUV,Novice,2.0,86.82010075328202,57,2422.389546758007,644.6946461067209,Moderate
North,Snowy,Night,Low,Motorcycle,Novice,2.0,70.34539803614354,52,1337.3252774900993,139.9045610304955,Moderate
South,Snowy,Afternoon,High,Sedan,Intermediate,4.0,64.35190665874563,43,272.5280942298358,831.809065794527,Moderate
North,Snowy,Night,High,Sedan,Intermediate,5.0,71.8801562027696,64,175.808097076607,827.2397986968767,Low
North,Foggy,Morning,Medium,Sedan,Experienced,2.0,99.62417510791876,66,1369.6806784023,696.2437331539429,Moderate
South,Foggy,Night,Medium,Motorcycle,Experienced,5.0,91.44577370753387,64,141.83709308158558,612.8664617199371,High
South,Rainy,Evening,Medium,Sedan,Novice,2.0,69.54529979527574,68,157.14151353217807,531.9731098280852,Low
South,Foggy,Afternoon,High,Sedan,Novice,6.0,93.92577806506739,60,3886.1187246608424,1018.0300265180225,Moderate
North,Clear,Afternoon,Medium,SUV,Intermediate,3.0,76.84872114467068,49,1838.2440940006807,46.8556246960736,High
West,Rainy,Afternoon,Medium,Sedan,Experienced,2.0,93.40711271887527,67,265.33041149212806,447.4837965666445,Moderate
South,Rainy,Night,High,Truck,Experienced,3.0,84.16476883032526,21,1313.8891817832937,826.8211325284102,Moderate
West,Foggy,Night,Medium,Sedan,Novice,2.0,68.37672111457657,54,274.6038788059432,512.4087761531268,Moderate
West,Snowy,Afternoon,Medium,Truck,Novice,2.0,69.94113904484502,28,4765.829633037444,452.5440821242,Low
West,Rainy,Night,Medium,Truck,Experienced,2.0,80.93056891075922,67,234.2110567719829,451.2066929688781,Moderate
North,Clear,Morning,Medium,Sedan,Experienced,3.0,99.89670552666686,66,2222.1450143193615,748.8251042302553,High
West,Snowy,Morning,High,Truck,Intermediate,4.0,85.45231308612163,41,3542.731927078021,974.6403595600433,Low
East,Snowy,Evening,High,SUV,Intermediate,3.0,57.41716004810444,46,1953.1009290985492,867.7489937087963,Low
South,Foggy,Night,Medium,Truck,Intermediate,5.0,81.95599689077503,55,2350.6958384951163,614.7040933014658,Moderate
West,Snowy,Morning,Medium,Truck,Novice,2.0,60.912694393253204,38,2414.148928543682,550.6447102526757,Low
West,Rainy,Evening,Low,Truck,Intermediate,5.0,81.59067635083342,70,145.34547646599265,319.0605630670602,Moderate
South,Rainy,Night,Low,Motorcycle,Intermediate,6.0,98.14960019294973,61,296.3811396153078,158.87702722019455,High
East,Rainy,Afternoon,Low,SUV,Intermediate,2.0,84.871013362342,37,2011.3416900542513,145.62019357537176,Moderate
North,Rainy,Evening,Low,Sedan,Novice,6.0,56.855485286449955,37,2383.5508073326205,137.06001183004656,Moderate
East,Rainy,Evening,Low,Truck,Novice,3.0,94.0039543780729,38,175.16100316921725,339.8709312221214,Low
West,Snowy,Evening,Medium,Motorcycle,Experienced,3.0,80.00102740596519,55,297.53191846825035,596.0230156405968,Moderate
West,Clear,Afternoon,Low,Sedan,Novice,2.0,78.28659819978955,52,4655.012639746443,153.55902168172668,High
West,Rainy,Evening,High,SUV,Novice,2.0,96.81061231218449,62,1412.2734952418616,933.4459705864849,Low
East,Snowy,Night,Medium,SUV,Experienced,6.0,51.4986794936339,68,107.79586413222609,460.84573530952554,Moderate
South,Foggy,Evening,Low,SUV,Novice,5.0,81.86007384041402,46,107.85388284833046,285.44570294143927,Moderate
North,Foggy,Afternoon,High,SUV,Intermediate,2.0,84.60806708470659,63,131.66078002112286,858.3584139765021,Low
West,Foggy,Afternoon,High,Motorcycle,Intermediate,3.0,71.62489391650661,40,1478.3890189001324,907.3059926793953,Moderate
South,Foggy,Evening,High,Motorcycle,Experienced,5.0,96.83028461474808,32,4643.661893170718,1126.469724272096,Moderate
East,Clear,Night,Medium,Sedan,Experienced,5.0,65.15641779726643,56,1623.7476975331574,567.4157346274284,High
East,Rainy,Night,Medium,Motorcycle,Intermediate,6.0,94.70954373320592,60,1256.2659157542098,544.7389668827137,High
North,Foggy,Evening,High,Motorcycle,Experienced,3.0,54.69503578947092,57,2391.4099434286604,950.454067430236,Moderate
East,Rainy,Morning,High,Sedan,Experienced,5.0,76.04789886360211,39,4274.189401648885,954.3671351025182,Moderate
